stt,Title,Year,Duration,MPA,Rating,Votes,méta_score,description,Movie Link
1,"I Got a Cheat Skill in Another World and Became Unrivaled in the Real World, Too",2023,,TV-14,6.5,4K,,"A boy who's been brutally bullied all his life discovers a door to another world, which grants him access to cheat skills and opportunities to live a better life.",https://www.imdb.com/title/tt27417996/
2,Jogo de Corpo. Capoeira e Ancestralidade,2013,1h 27m,N/A,N/A,8,,"BODY GAMES presents a sensual tapestry of combat games from both sides of the Atlantic. It tells a story driven by Mestre Cobra Mansa's need to understand the ancestry of his art form, Capoeira, as part of a wider concern with his Afro-Brazilian heritage. The search starts in Rio, as a 12 year old street child, Cobra found survival and self esteem playing Capoeira. Through Capoeira he grew into Brazil's black movement and discovered his identity as an Afro-Brazilian. A powerful Brazilian myth links Capoeira to a legendary Angolan game called Engolo. Through an exchange of Capoeira and Engolo in the dusty villages of Southern Angola, Cobra begins to understand the affinities and differences between combat games played on both sides of the Atlantic.",https://www.imdb.com/title/tt3575844/
3,I Know What You Did Last Summer,2025,1h 51m,R,5.1,40K,42,A group of friends are terrorised by a mysterious killer who knows about a gruesome incident from their past.,https://www.imdb.com/title/tt4045450/
4,Children of Destiny,1974,,N/A,N/A,,,"An historical series of six parts for children, in which Magnus Magnusson looks at the early lives of such figures as Mary, Queen of Scots to the Dalai Lama, as well as those children ...",https://www.imdb.com/title/tt13064520/
5,Elbowroom,2010,,N/A,6.6,31,,Stories takes place in disable people. The story starts when one of the disable persons starts an affair. She end up pregnant as a result of the affair. It portrays how the disable girl cope with the pregnancy and the preparation for the new baby on board.,https://www.imdb.com/title/tt1728197/
6,The Marvellous World of Roald Dahl,2016,59m,N/A,7.6,57,,"Fighter pilot, inventor, spy - the life of Roald Dahl is often stranger than fiction. From crashing his plane over Africa to hobnobbing in Hollywood and his remarkable encounters with everyone from Walt Disney to President Roosevelt - this is the story of his greatest adventures and how his real-life escapades find expression in his most famous books, from Charlie and the Chocolate Factory to Matilda. Through a vast collection of his letters, writings and archive, the story is told largely in his own words with contributions from his last wife Liccy, daughter Lucy and biographer Donald Sturrock. Long-term collaborator and illustrator Quentin Blake also creates exclusive new drawings for the film which are specially animated to bring Dahl's marvellous world to life.",https://www.imdb.com/title/tt5907158/
7,In the Blink of an Eye,2026,1h 34m,PG-13,5.6,346,37,"Three storylines, spanning thousands of years, intersect and reflect on hope, connection and the circle of life.",https://www.imdb.com/title/tt6341826/
8,Ghost in the Shell: Stand Alone Complex - Solid State Society,2006,1h 48m,Not Rated,7.8,8K,,"A.D. 2034. It has been two years since Motoko Kusanagi left Section 9. Togusa is now the new leader of the team, that has considerably increased its appointed personnel. The expanded new Section 9 confronts a rash of complicated incidents, and investigations reveal that an ultra-wizard hacker nicknamed the ""Puppet Master"" is behind the entire series of events.",https://www.imdb.com/title/tt0856797/
9,Shark Thrash,2026,,N/A,N/A,,,"A small and touristy beachside town is hit by a storm the size of which nobody could have predicted. A family who just arrived tries to escape, but gets stuck in the quickly rising waters. They try to figure a way out with the help of some locals, but any progress is shut down when the sharks make their way onto the flooded streets. The family and locals must now find a way to survive as the waters rise.",https://www.imdb.com/title/tt41087656/
10,Savage Salvation,2022,1h 41m,R,4.8,4K,,A recovering opioid addict seeks revenge on the dealers responsible for selling the drugs that resulted in his fiancee's death.,https://www.imdb.com/title/tt13055982/
11,I Want to Eat Your Pancreas,2018,1h 49m,Not Rated,8.1,35K,,"One day, ""Me"" - a highschooler - found a paperback in the hospital. The ""Disease Coexistence Journal"" was its title. It was a diary that ""Me""'s classmate, Sakura Yamauchi, had written in secret. Inside, it was written that due to her pancreatic disease, her days were numbered. And thus, ""Me"" coincidentally went from Just-a-Classmate to a Secret-Knowing-Classmate. It was as if he were being drawn to her, who was his polar opposite. However, the world presented the girl that was already suffering from an illness with an equally cruel reality.",https://www.imdb.com/title/tt7236034/
12,Tour of Duty: Making the Extended Cut,2006,,Unrated,N/A,,,"Two years after the release of the ""The Punisher"" (2004), writer/director Jonathan Hensleigh re-teamed with stars Thomas Jane and Russell Andrews to create a new opening sequence for the film's extended cut. This featurette offers an inside look at the making of that animated sequence.",https://www.imdb.com/title/tt1114699/
13,The Unique Style of Editing 'Hulk',2003,10m,N/A,N/A,,,"Takes a closer look at the editing process to make Hulk as cohesive, well-paced, and exciting as possible, while creating for the film a unique look with differing transitions and split screens.",https://www.imdb.com/title/tt5293862/
14,The Mystery of the Eiffel Tower,1928,2h 9m,N/A,6.9,153,,"One of two circus twins is cheated of an inheritance by his double, who sets himself up in a chateau.Only to be threatened by a sinister black hooded sect. Rollicking adventures follow, culminating with a big chase on the Eiffel Tower.",https://www.imdb.com/title/tt0018187/
15,Sex Court,1998–,30m,TV-MA,6.9,77,,"What do you get when you put arrestingly beautiful defendants and passionate plaintiffs into an already steamy courtroom? You get juicy judgments acted out in front of a jealous jury. In this hit Playboy TV series, a tall, dark and sexy Julie Strain presides over a court docket brimming with erotic crimes and misdemeanors. When couples air their sexual grievances in front of Judge Julie, they must suffer whatever sentences she sees fit to render. No appeals - Julie's word is law. Savor what happens when the verdict is guilty, and check out the justice Julie serves up. In her court, the only crime is unsatisfying sex, and the only sentence is ecstasy, with a pound of provocative punishment thrown in for flavor. Justice has never been so sexy. Features Julie Strain and adult star Alexandra Silk.",https://www.imdb.com/title/tt0162109/
16,The Incredible Ang Lee,2003,14m,N/A,5.2,5,,"A look at the director Ang Lee. It examines the contributions of the director not only behind the camera, but his work in numerous other aspects of the filmmaking process to make Hulk as successful as can be.",https://www.imdb.com/title/tt5293836/
17,Evolution of the 'Hulk',2003,16m,N/A,N/A,,,"A look at the history of this popular character. The piece begins by examining the character's origin in depression-era America, glossing over the history of Marvel comics, and further examining the development of the character in the comics, the animated series, the CBS television series, ""The Incredible Hulk,"" which featured famed bodybuilder Lou Ferrigno as the Hulk and Bill Bixby as Bruce Banner, and finally, this 2003 film adaptation.",https://www.imdb.com/title/tt5293496/
18,The Making of 'Hulk',2003,24m,N/A,5.0,80,,N/A,https://www.imdb.com/title/tt0395653/
19,Barnabus & Bella,2010,55m,N/A,7.0,21,,"An original Latin-language musical comedy about high school life and love. Having just moved to a new town, geeky Barnabus faces his first day at a new high school, and it won't be one he'll soon forget. He meets a popular girl, Bella, befriends the wheelchair-bound Rinaldus, gets bullied by jock Jacobus, and botches his track tryout. How will he deal with his new challenges? This charming tale of love and laughter emphasizes the importance of self-esteem and self-confidence in the face of adversity.",https://www.imdb.com/title/tt1718130/
20,Entrevista a Patricia Echeverri sobre su libro Entre Sombras Y Colores,2009,8m,N/A,N/A,,,N/A,https://www.imdb.com/title/tt7055642/
21,Archaeology of a Woman,2012,1h 34m,N/A,8.1,52,36,"ARCHAEOLOGY OF A WOMAN written and directed by critically acclaimed director Sharon Greytak. A talented chef (Kate) travels from New York City to her suburban hometown to care for her mother's worsening dementia. Kate expects to put a few services in place and return to the city, but events change as her spirited mother disappears, defies authorities, and finds herself tangled up with lovers and a generation-old murder case. A unique take on dementia and mystery.",https://www.imdb.com/title/tt1702455/
22,Don't Throw That Knife,1951,16m,Approved,7.1,329,,"The stooges become census takers and wind up in the apartment of a lady whose husband is both jealous and a knife thrower. When the husband arrives home, the boys try to hide, but are discovered, and after dodging some knives, leave on the run.",https://www.imdb.com/title/tt0043472/
23,Deacon Blues,2018,,N/A,N/A,,,N/A,https://www.imdb.com/title/tt7489304/
24,The Rocky Horror Picture Show,1975,1h 40m,R,7.4,182K,65,"On a wild and rain-swept late-November evening, somewhere at an empty stretch of road outside Ohio's merry Denton, blissfully-affianced, prudish, boringly-innocent young pair Brad Majors (Barry Bostwick) and Janet Weiss (Susan Sarandon) find themselves stranded on their way to visit an ex-tutor. Instead, the couple will inadvertently unearth the cross-dressing Dr. Frank-N-Furter's (Tim Curry's) spooky lair of inexhaustible oddities, just in time to partake in the out-of-this-world mad scientist's proud unveiling of his latest, delightfully extravagant, most daring creation: the ultimate male and the perfect sex symbol: the flaxen-haired Rocky Horror (Peter Hinwood). But, little by little, as the effervescent transgressive force gobbles up whole the unsuspecting visitors of the night, Brad and Janet slowly begin to embrace the potent fascinations of seduction, while an idolized Rocky roams free in the mansion. Who can interrupt man's union with the absolute pleasure?",https://www.imdb.com/title/tt0073629/
25,Not on the Same Paige,2014,7m,N/A,N/A,,,"It's Paige's birthday, so she decides to go for it and make a move with the guy she's crushing on. Bad move. She finds out that he's into her roommate instead and they have both decided to leave her all alone on her special night. Over the course of a single evening, Paige uncovers the true nature of her friendships with the help of her phone, a couple of unicorns... and a lot of tequila.",https://www.imdb.com/title/tt4146420/
26,Global Frequency,2005,45m,N/A,7.4,285,,"The Global Frequency is an independent, illegal, covert intelligence agency determined to prevent international politics from undermining the security of the global community. Led by the former NSA agent Miranda Zero, GF is everywhere and nowhere - and it's mankind's best defense against everything that occurs outside our peripheral vision. This marvel of brains and machinery is hacked into every satellite, mainframe, cell phone and database across the globe. With the help of her central command dispatcher, the feisty but brilliant Aleph, Zero is just a phone call away from tapping anyone anywhere to volunteer their skills to help save the world. GF's newest ""recruit,"" suspended cop Sean Flynn, is paired with introverted Kate Finch, a mastermind of the scientific inner workings of the covert network.",https://www.imdb.com/title/tt0472095/
27,Pirates of the Caribbean: The Curse of the Black Pearl,2003,2h 23m,PG-13,8.1,1.3M,63,"This swash-buckling tale follows the quest of Captain Jack Sparrow, a savvy pirate, and Will Turner, a resourceful blacksmith, as they search for Elizabeth Swann. Elizabeth, the daughter of the governor and the love of Will's life, has been kidnapped by the feared Captain Barbossa. Little do they know, but the fierce and clever Barbossa has been cursed. He, along with his large crew, are under an ancient curse, doomed for eternity to neither live, nor die. That is, unless a blood sacrifice is made.",https://www.imdb.com/title/tt0325980/
28,Sleeping Dog,2026,,N/A,N/A,,,"Journalist Jeremy Corbell emerges as a key figure in a dangerous fight to uncover the truth about UAPs, driven by rare access and knowledge few possess. As his pursuit deepens, so do the risks of exposing what was never meant to be seen.",https://www.imdb.com/title/tt41157050/
29,The Defective,2021,,TV-14,N/A,8,,"Two polar opposite men lead a group of outcast ""defectives"" in fighting a society that hinges on futuristic mind-link technology.",https://www.imdb.com/title/tt26758156/
30,The Adventures of the Fatbat Episode II: The Iceman Cometh: Justice Rises,2016,,N/A,N/A,,,"Many women in Gotham have been frozen from the inside out, this is the work of the Villain Dr. Freeze. Can the Fatbat and the new Robin defeat this villain.",https://www.imdb.com/title/tt4195764/
31,Men in Kilts: A Roadtrip with Sam and Graham,2021–2023,1m,TV-14,8.4,3K,,"This series will see Heughan and McTavish take viewers along on their adventures, discovering the rich and complex heritage of their native country. They will travel to Glencoe, the site of a great massacre and major clan feud, to Inverness and the Culloden battlefield, the site of an historic turning point, known well to fans of Outlander.",https://www.imdb.com/title/tt7554866/
32,"Vanisher, Horizon Scraper",2025,1h 10m,N/A,N/A,40,,"A companion film to Quadeca's fourth studio album 'Vanisher, Horizon Scraper'.",https://www.imdb.com/title/tt37701523/
33,Indian Summer: The Oka Crisis,2007,,TV-14,N/A,,,"Indigenous sovereignty stood at the forefront of political life in Oka, Quebec in the summer of 1990 when the Mohawk Nation was forced to stand their ground and protect their sacred land from being absorbed into a land development...",https://www.imdb.com/title/tt26468636/
34,Land of the Mammoth,2001–,,N/A,6.2,46,,"As archaeological research shows, Siberia was previously a territory with a mild climate. Various types of prehistoric animals lived here, the largest of which was a mammoth. Climate change contributed to the icing of the oasis fo...",https://www.imdb.com/title/tt0288980/
35,Le dernier rituel,1996,13m,N/A,N/A,,,N/A,https://www.imdb.com/title/tt0302468/
36,Pecado de ser pobre,1950,1h 24m,TV-14,5.8,10,,Un ex presidiario ayuda a la joven que ama pues ella tiene que trabajar en un cabaret para mantener a su padre borracho.,https://www.imdb.com/title/tt0236583/
37,Knit Wits,2004,5m,N/A,7.2,14,,"In a shady storeroom, two good-fellas prepare to initiate their junior partner into the ""club""... or so it would seem. But sometimes, things aren't always what they appear, and this is the premise of KNIT WITS, a five-minute dark ...",https://www.imdb.com/title/tt0406909/
38,Kite Festival of Love,2021,1h 30m,TV-G,6.4,859,,A woman finds romance during a kite festival.,https://www.imdb.com/title/tt12529748/
39,River of Life,2012,,N/A,N/A,,,"Fely Kooistra is a Christian missionary, teaching the Gospel of Christ in poverty stricken third world villages and battling against hunger and disease.",https://www.imdb.com/title/tt2328920/
40,Triste Réalité,2016,,N/A,N/A,,,N/A,https://www.imdb.com/title/tt6180126/
41,Christmas at Radio City Music Hall,1986,58m,N/A,N/A,,,N/A,https://www.imdb.com/title/tt0335000/
42,The West Wing Documentary Special,2002,42m,N/A,8.2,302,,"Celebrating the people of the real West Wing, this documentary features interviews with former Presidents Carter, Clinton, and Ford, Secretary of State Kissinger, and more than a dozen White House aides, chiefs of staff, and press secretaries.",https://www.imdb.com/title/tt0348728/
43,5 Fingers,1952,1h 48m,Approved,7.6,6K,,"Based on a true story. In neutral Turkey during WWII, the ambitious and extremely efficient valet for the British ambassador tires of being a servant and forms a plan to promote himself to rich gentleman of leisure. His employer has many secret documents; he will photograph them, and with the help of a refugee Countess, sell them to the Nazis. When he makes a certain amount of money, he will retire to South America with the Countess as his wife.",https://www.imdb.com/title/tt0044314/
44,"Snowpiercer: Transperceneige, From the Blank Page to the Black Screen: A Documentary by Jésus Castro-",2014,54m,N/A,6.8,47,,"Both Benjamin Legrand and Jean-Marc Rochette are invited by Joon-ho Bong, the director for the film, ""Snowpiercer"" to Korea and other locations as well as given small character roles in the French comic book's film adaptation. They had learned that the comic book had become a major hit in Korea and that Joon-ho Bong wanted to create a film of it. The comic book ""Transperceneige"" had been pirated and published as a Korean version two years before they had attained knowledge of it.",https://www.imdb.com/title/tt4481854/
45,Bugsy the Becoming,2021,2h 0m,N/A,N/A,,,"When a vile creature sets out to destroy the calm, and the world as we know it, and to keep the world from going into complete chaos, one city at a time, has to prove he is the one who can stop this vile creature, and right the wrongs,",https://www.imdb.com/title/tt11972054/
46,El viejo y sus tesoros,2016,,N/A,N/A,,,N/A,https://www.imdb.com/title/tt5790654/
47,Children of the Corn,1984,1h 32m,R,5.6,62K,45,"A boy preacher named Isaac goes to Gatlin, Nebraska and gets all the children to murder every adult in town. A young couple on a road trip stop in Gatlin to report a murder and seek help, but the town seems deserted. They are soon trapped in Gatlin with little chance of getting out alive.",https://www.imdb.com/title/tt0087050/
48,El último piso,2010,,N/A,N/A,,,N/A,https://www.imdb.com/title/tt5779614/
49,The Visitor: Massacre at Camp Happy,2011,,N/A,N/A,,,You control an alien slug through an outdoor campground.,https://www.imdb.com/title/tt5654270/
50,Live from the Artists Den,2008–,31S min,N/A,8.3,49,,Artist's Den Presents alt-J,https://www.imdb.com/title/tt1176751/
51,El jinete sin cabeza,1957,1h 31m,N/A,5.8,59,,"A mysterious horseman has arrived in a town, the local people talk about local legends of a gunman come from hell. The gangs of criminals are terrified because they know that confronting him is going to certain death.",https://www.imdb.com/title/tt0051798/
52,Hold the Door,2007,1h 20m,N/A,6.8,10,,"Eugene, a dreamy and naive teenager, becomes friends with Hector, an impulsive and brutal young man. The mutual fascination of this unlikely pair brings them together in the heart of New ...",https://www.imdb.com/title/tt1111800/
53,On Second Thought,2024–,,N/A,N/A,,,"Autumn, a married woman, finds herself entangled in a secret affair that results in her lover mysteriously turning up dead.",https://www.imdb.com/title/tt32362715/
54,Tombs of the Blind Dead,1972,1h 41m,PG,6.1,7K,,"In the 13th century there existed a legion of evil knights known as the Templars, who quested for eternal life by drinking human blood and committing sacrifices. Executed for their unholy deeds, the Templars bodies were left out for the crows to peck out their eyes. Now, in modern day Portugal, a group of people stumble on the Templars abandoned monastery, reviving their rotting corpses to terrorize the land.",https://www.imdb.com/title/tt0067500/
55,Alien,1979,1h 57m,R,8.5,1.1M,89,"In the distant future, the commercial spaceship ""Nostromo"" crew is on its way home when the crew picks up a distress call from a distant moon. The crew must investigate, and the spaceship descends on the small planetoid afterwards. After a rough landing, three crew members leave the spaceship to explore the area on the planetoid. At the same time, the ship's computer deciphers the message. When the crew realizes it is not alone on the spaceship, they must deal with the consequences.",https://www.imdb.com/title/tt0078748/
56,"Us, Janus",2023,,N/A,N/A,,,The past can hold you back. The future can lead you astray. It is okay to trust yourself and stay present. Being lost in the woods is the perfect place for a young woman to learn that.,https://www.imdb.com/title/tt28488927/
57,Dukla 61,2018,2h 30m,N/A,7.7,292,,"A fire in a Dukla mineshaft in Havirov on July 7, 1961 is the basis for this TV family drama in two episodes.",https://www.imdb.com/title/tt7191438/
58,Lizard Quest,2018,5m,N/A,N/A,,,A plucky young gecko goes on an epic journey with a barbarian turtle and a chameleon to defeat the great Komodo dragon.,https://www.imdb.com/title/tt10477346/
59,A Rainy Day in New York,2019,1h 32m,PG-13,6.4,56K,38,"In the Yardley College, Gatsby Welles learns that his girlfriend Ashleigh Enright will travel to Manhattan to interview the cult director Roland Pollard for the college paper and he plans a romantic weekend with her. Gatsby is the son of a wealthy family in New York and Ashleigh is from Tucson and her father owns several banks. He has no attraction to study in Yardley but gambling and Ashleigh. When they arrive in Manhattan, Gatsby does not tell his parents that are planning a fancy party in the evening. Ashleigh meets Pollard and he invites her to a screening of his new film with his writer Ted Davidoff. Meanwhile Gatsby stumbles upon his friend, who is cinema student, and he accepts to participate in a kiss scene with Chan Tyrell, who is the younger sister of his former girlfriend. Along the rainy weekend in New York, Gatsby and Ashleigh have new experiences and discoveries.",https://www.imdb.com/title/tt7139936/
60,Pássaros,2019,12m,N/A,7.0,17,,"Jonas and David are best friends who spend their times watching soccer games on TV despite cheering for opposite teams. In one particular afternoon, as another game progresses, they discuss the girls they want to meet at a party t...",https://www.imdb.com/title/tt18572688/
61,A City of Sadness,1989,2h 37m,N/A,7.8,7K,,"The story of a family embroiled in the ""White Terror"" that was wrought on the Taiwanese people by the Kuomintang government after their arrival from mainland China in the late 1940s.",https://www.imdb.com/title/tt0096908/
62,"Marmor, Stein und Eisen",1994,1h 30m,N/A,N/A,,,N/A,https://www.imdb.com/title/tt14217610/
63,Merci pour les cles,2020,,N/A,N/A,,,N/A,https://www.imdb.com/title/tt8473800/
64,Cacophony,2024,10m,N/A,N/A,,,N/A,https://www.imdb.com/title/tt33481308/
65,Star Wars: Episode IV - A New Hope,1977,2h 1m,PG,8.6,1.6M,90,"The Imperial Forces, under orders from cruel Darth Vader, hold Princess Leia hostage in their efforts to quell the rebellion against the Galactic Empire. Luke Skywalker and Han Solo, captain of the Millennium Falcon, work together with the companionable droid duo R2-D2 and C-3PO to rescue the beautiful princess, help the Rebel Alliance and restore freedom and justice to the Galaxy.",https://www.imdb.com/title/tt0076759/
66,Eter,2018,1h 58m,N/A,5.9,558,,"""Ether"" is a story of a military medical doctor experimenting with science at the beginning of the 20th century in order to get power over other people.",https://www.imdb.com/title/tt7368668/
67,Somewhere in Time,1980,1h 43m,PG,7.2,36K,29,"The movie opens with college student Richard Collier gathering rave reviews for his debut play. At the party, he comes face to face with an old woman who presses something in his hand and whispers ""Come back to me."" He opens his hand to find an old pocket watch. Eight years later, Collier is a successful playwright in the middle of a break-up and writer's block. He leaves Chicago for awhile to think things out and finds himself near his alma mater at the Grand Hotel. While wandering around the hotel, he finds a photograph of a beautiful young woman. Richard is entranced, and attempts to find out whatever he can about her. During the course of his research, he learns she was Elise McKenna, a famous actress from the turn of the century. He also discovers she was the mysterious old woman who gave him the pocket watch. Finally determining that he must meet her somehow, he employs self-hypnosis and wills himself back to 1912. He meets Elise and they fall in love, which does not make her manager, William Fawcett Robinson, rather happy. Will their love survive Robinson's disapproval? Will Richard be able to remain in 1912?",https://www.imdb.com/title/tt0081534/
68,Stardust: Good Omens - The Making of Stardust,2007,30m,N/A,9.2,5,,N/A,https://www.imdb.com/title/tt5640196/
69,"Turn Me On, Dammit!",2011,1h 16m,Not Rated,6.3,10K,70,"A 15-year-old Norwegian teen (Helene Bergsholm) is eager to explore her budding sexuality, but her encounter with the school heartthrob makes her a social outcast.",https://www.imdb.com/title/tt1650407/
70,A Silent Voice: The Movie,2016,2h 10m,Not Rated,8.2,137K,78,"The story revolves around Shôko Nishimiya, a grade school student who has impaired hearing. She transfers into a new school, where she is bullied by her classmates, especially Shôya Ishida. It gets to the point where she transfers to another school and as a result, Shôya is ostracized and bullied himself, with no friends to speak to and no plans for the future. Years later, he epicly sets himself on a path to redemption.",https://www.imdb.com/title/tt5323662/
71,Child 44,2015,2h 17m,R,6.4,79K,41,"Based on the first of a trilogy by Tom Rob Smith and set in the Stalin era of the Soviet Union. The plot is about an idealistic pro-Stalin security officer who decides to investigate a series of child murders in a country where supposedly this sort of crime doesn't exist. The state would not hear of the existence of a child murderer let alone a serial killer. He gets demoted and exiled but decides, with just the help of his wife, to continue pursuing the case.",https://www.imdb.com/title/tt1014763/
72,Do You Know This Man?,1916,,N/A,N/A,,,N/A,https://www.imdb.com/title/tt0362556/
73,Distant Lover: TTYL,2014,,N/A,N/A,,,An artistic Short Film that centers around two couples in long distance relationships as they interact during their last moments together for a while.,https://www.imdb.com/title/tt3540078/
74,Auntie Mame,1958,2h 23m,Approved,7.9,13K,,An orphan goes to live with his free-spirited aunt. Conflict ensues when the executor of his father's estate objects to the aunt's lifestyle.,https://www.imdb.com/title/tt0051383/
75,Plastic Cup Boyz,2014,1h 22m,Not Rated,5.9,173,,"Led by Kevin Hart, The Plastic Cup Boyz are stepping into the spotlight with their stand-up and sketches. Joey Wells, Will ""Spank"" Horton, and Na'im Lynn take the stage in this comedy special taped at the House of Blues in San Diego.",https://www.imdb.com/title/tt3823826/
76,Les Concerts Volants,2019–,,N/A,N/A,,,N/A,https://www.imdb.com/title/tt14184908/
77,"Gaston Revel, un instituteur en Algérie",2021,1h 32m,N/A,N/A,,,"Thanks to the discovery of completely new archives belonging to Gaston Revel, the viewer will discover Algeria at the end of the 1930s as it revealed itself to this young French teacher. He will understand the disorientation and i...",https://www.imdb.com/title/tt28075310/
78,"Through a Child's Eyes: September 11, 2001",2002,31m,TV-G,7.3,37,,A documentary on the 9/11 tragedy told through the perspective of children all over the world as they describe their feelings and methods of coping with the terrorist attacks and the possibilities of war.,https://www.imdb.com/title/tt0354963/
79,We Made a Beautiful Bouquet,2021,2h 4m,N/A,7.5,5K,,"A twenty-two-year old man and a twenty-two year old woman miss the last train departing a station in Tokyo and become acquainted. Thus begins a five-year long romance, which develops, blossoms and goes through its cycle. The two are in love and live for the moment. They feel they are content and contemporary and there for another and shun the feelings of longing, nostalgia or even dreaming. The director began working on the film assuming the actor and actress would be his leads and has cast them here.",https://www.imdb.com/title/tt11219254/
80,Pirates of the Caribbean: At World's End,2007,2h 49m,PG-13,7.2,743K,50,"After losing Jack Sparrow to the locker of Davy Jones, the team of Will Turner, Elizabeth Swan and Captain Barbossa make their final alliances with the pirate world to take on the forces of Lord Cutler Beckett and his crew, including Davy Jones, who he now has control over. It's not going to be easy, as they must rescue Sparrow, convince all the pirate lords to join them and defeats Beckett, whilst each individual pirate has their own route which they wish to follow.",https://www.imdb.com/title/tt0449088/
81,The Return of the Pumpkin Rabbit,2024,33m,TV-MA,9.4,37,,"On halloween night, 1983, Jay and her friend group step into the abandoned Waterman House. What awaits them there is beyond their worst nightmares.",https://www.imdb.com/title/tt34383960/
82,The Last First Time,2025,1h 15m,N/A,N/A,20,,"Eduardo, an 18-year-old kid from a small village in Jalisco, travels to Guadalajara. In this big and strange city, away from the eyes of his parents, he experiences his first encounters in love and sex.",https://www.imdb.com/title/tt32324264/
83,Between Passing Trains,2008,13m,N/A,N/A,,,Crime has taken a novel twist in the city. People have stopped caring. Stopped Caring? The police aren't sure if this is a felony or a misdemeanor; detectives investigate.,https://www.imdb.com/title/tt2325804/
84,Comedy Kids,2002–2003,30m,N/A,N/A,7,,N/A,https://www.imdb.com/title/tt0817979/
85,Bloody Tears,2024,18m,N/A,N/A,,,"With the aid of a mysterious stranger, a widower journeys across a fantastical land to avenge his wife's death.",https://www.imdb.com/title/tt32245788/
86,Down the Wormhole,2016,14m,N/A,N/A,,,N/A,https://www.imdb.com/title/tt6058744/
87,Sucks to Suck,2018,6m,N/A,N/A,,,N/A,https://www.imdb.com/title/tt9418858/
88,Steven Seagal & Samuel Kwok Martial Arts Seminar,2018,,N/A,4.8,23,,N/A,https://www.imdb.com/title/tt8785936/
89,Svetlost iz druge kuce,1972,1h 2m,N/A,N/A,,,N/A,https://www.imdb.com/title/tt0214180/
90,Mission to the Unknown,2010,,N/A,N/A,,,N/A,https://www.imdb.com/title/tt6290100/
91,A Day at the Horse Opera,1962,8m,N/A,N/A,,,N/A,https://www.imdb.com/title/tt36457983/
92,Point Blank the Documentary,2024,46m,N/A,N/A,12,,How Lee Marvin and John Boorman's movie Point Blank was made.,https://www.imdb.com/title/tt32014195/
93,"Love Affair, or The Case of the Missing Switchboard Operator",1967,1h 10m,TV-MA,7.3,2K,,"After many adventures, a young female switchboard operator starts a love relationship with a serious young man. But while he's away on business, she gets lonely and succumbs to her colleague's passions. When the boyfriend returns, he gets into a fight with the pregnant girl that ends tragically.",https://www.imdb.com/title/tt0061912/
94,Sullivan's Crossing,2023–,,TV-PG,7.2,7K,,Neurosurgeon Maggie Sullivan reconnects with her small-town past after a scandal causes her to leave her professional and personal life behind in the city.,https://www.imdb.com/title/tt21064598/
95,La Casa de los Espíritus,2026–,,N/A,N/A,,,"Spanning a century, the Trueba family faces secret loves, revolution, and generational conflict between the tyrannical patriarch and his granddaughter, set against violent social upheaval.",https://www.imdb.com/title/tt33022938/
96,Keeping Her,2024,1h 43m,N/A,N/A,,,"A childless couple believe their prayers are answered when a mysterious young girl appears on their doorstep. But soon after welcoming her, strange and unsettling events unfold, forcing them to question if she is a blessing or a c...",https://www.imdb.com/title/tt37969200/
97,Free Lunch Society: Komm Komm Grundeinkommen,2017,1h 35m,N/A,7.2,217,,"Just a few years ago, an unconditional basic income was considered a pipe dream. Today, this utopia is more imaginable than ever before - intense discussions are taking place in all political and scientific camps. FREE LUNCH SOCIETY provides background information about this idea and searches for explanations, possibilities and experiences regarding its implementation.",https://www.imdb.com/title/tt6690458/
98,La casa embrujada,1949,,N/A,5.7,59,,Magician Fu Manchu must find a way out of a supposed haunted house.,https://www.imdb.com/title/tt0219581/
99,Il medico della mutua,1968,1h 38m,N/A,7.1,2K,,The eventful ascent of a doctor in the corrupted Italian healthcare system.,https://www.imdb.com/title/tt0063288/
100,Kung Fu Hustle,2004,1h 39m,R,7.7,163K,78,"Set in Canton, China in the 1940s, the story revolves in a town ruled by the Axe Gang, Sing who desperately wants to become a member. He stumbles into a slum ruled by eccentric landlords who turns out to be the greatest kung-fu masters in disguise. Sing's actions eventually cause the Axe Gang and the slumlords to engage in an explosive kung-fu battle. Only one side will win and only one hero will emerge as the greatest kung-fu master of all.",https://www.imdb.com/title/tt0373074/
101,Toilet-bound Hanako-kun,2020–2025,24m,TV-14,7.5,3K,,"At Kamome Academy, rumors abound about the school's Seven Mysteries, one of which is Hanako-san. Said to occupy the third stall of the third floor girls' bathroom in the old school building, Hanako-san grants any wish when summoned. Nene Yashiro, an occult-loving high school girl who dreams of romance, ventures into this haunted bathroom...but the Hanako-san she meets there is nothing like she imagined. Kamome Academy's Hanako-san...is a boy.",https://www.imdb.com/title/tt10777610/
102,Gospodarstwo II,1980,33m,N/A,N/A,,,N/A,https://www.imdb.com/title/tt1600664/
103,Zufall,2014,,N/A,N/A,,,N/A,https://www.imdb.com/title/tt5396736/
104,2 sinaloenses y 3 colombianas,1998,1h 30m,N/A,N/A,,,N/A,https://www.imdb.com/title/tt0393014/
105,Apple Music Awards 2019: Billie Eilish Live at the Steve Jobs Theater,2019,,N/A,N/A,8,,"On December 4, 2019, Billie Eilish celebrated her Apple Music Awards for Artist of the Year, Top Album of the Year, and Songwriter of the Year with a very special, intimate, stripped-down performance at the Steve Jobs Theater in Cupertino, California. On a bucolic, tree-lined stage designed by Es Devlin, and accompanied only by her brother FINNEAS (co-winner of the Songwriter of the Year Award) on piano and guitar, she reimagined songs from throughout her meteoric career. The stark arrangments and intimate venue only highlighted her charisma and power. While ""bad guy"" and ""bury a friend"" may have been everywhere in 2019, they feel new and revelatory here-the perfect showcase for an artist who defined the year but clearly won't be held down by that definition.",https://www.imdb.com/title/tt11945282/
106,The Heart of Ezra Greer,1917,,N/A,N/A,,,N/A,https://www.imdb.com/title/tt0008059/
107,Her Life and His,1917,50m,N/A,N/A,,,"Mary Murdock, forced by circumstances to choose between the streets and theft, is caught breaking into the home of Robert Howard. He is inclined to listen to her plea for leniency, but, urged by his cruel and selfish wife, lets the law take its course. After serving her term she is unable to secure employment, due to her prison record, and seeks the two who are responsible for her plight. She finds Howard despondent over his wife's running away with another man and about to commit suicide. To the man who wanted to die the girl who wanted to live makes a proposition, to use his fortune to better prison conditions and lending those with a prison record a helping hand. She offers her own knowledge as her half of the partnership. He accepts and the plan proves so successful that Howard is appointed warden of a large prison. But matters sail along too smoothly and cleanly to suit the corrupt political ring and they start a blackmailing scheme against Howard. Mary's intuition senses a solution to Howard's vindication and she matches her brains against the political boss and his henchmen and clears the name of the man she loves and reaps her first real happiness as her reward.",https://www.imdb.com/title/tt0175723/
108,Londonstani,2018,14m,N/A,N/A,,,"In 90s London, British Asian teenager Jas, deals with a daily barrage of racism by hoping he'll disappear. When he meets a group of older ""Rudeboys"", they tell him to stand up for himself ...",https://www.imdb.com/title/tt8394310/
109,Diantha's Crossing,2009,59m,N/A,6.8,20,,N/A,https://www.imdb.com/title/tt1379644/
110,The Game Is Over,1966,1h 38m,R,5.8,653,,"In Paris, Maxime visits his wealthy industrialist father Alexandre and his beautiful young Canadian wife, Renée. Alexandre fathered him years ago in a prior marriage and he has come to stay with them after studying in England. Renée tells Maxime that she married Alexandre when she was pregnant following an unhappy love affair; the child was stillborn and the passion between the two has faded. They begin an affair and fall in love with each other. Renée, who came from a wealthy family, asks Alexandre for a divorce. He agrees, on the condition that she leaves the fortune she brought to their marriage invested in his business. Renée accepts this and goes to Switzerland for a divorce. But while she is away, Alexandre confronts his son with two alternatives: he can either run off with now penniless Renée or become engaged to Anne, the daughter of a wealthy banker whose support Alexandre needs for his business. Maxime agrees on the second course of action. Renée returns from Switzerland to find Alexandre holding a ball celebrating Maxime's engagement to Anne. Renée throws herself into the pool to kill herself - but then changes her mind and dripping wet enters the party. Alexandre escorts her to the gymnasium, where she sits and stares into an empty future.",https://www.imdb.com/title/tt0060271/
111,Under the Sun of Satan,1987,1h 38m,TV-MA,6.7,4K,,"A priest stuck in a rural congregation and burdened with his overwrought spirituality, finds purpose in a troubled woman accused of murder.",https://www.imdb.com/title/tt0094011/
112,Milk & Serial,2024,1h 2m,N/A,6.6,1K,,A surprise birthday prank takes a turn for the worse when a popular social media duo must face the reality of the terrifying aftermath.,https://www.imdb.com/title/tt22075376/
113,Le temple,2022,17m,N/A,N/A,5,,-The crew of a German u-boat on a mission in the North Atlantic witnesses strange phenomena on board.,https://www.imdb.com/title/tt27430550/
114,Rock Around the Clock,1956,1h 17m,Approved,6.2,1K,,"Orchestra manager Steve Hollis realizes that big-band music is dead. People want something new, but what? On their way to New York, Steve and his companion Corny, stop at a motel in a small place called Strawberry Springs. It's Saturday evening, and a huge number of young people are going to the Town Hall to listen to a local band called Bill Haley and His Comets, playing a new kind of music called rock'n'roll. It is accompanied by a new way of dancing, led by the siblings Lisa and Jimmy Johns. Steve immediately recognizes that this could be what all America is waiting for. He convinces the band and the dancers to let him organize their nationwide breakthrough, and goes to New York to arrange bookings with the top agent Corinne Talbot. Corinne has for a long time tried to get Steve to marry her, but in vain. She now realizes that Steve is in love with the young dancer Lisa Johns, which makes her change her strategy. Corinne tries to stop the rock'n'roll group everywhere, but despite all her efforts they soon are a big success all over the country. And Lisa is smarter than Corinne.",https://www.imdb.com/title/tt0049682/
115,The Hallelujah Trail,1965,2h 45m,Approved,6.5,5K,,"A wagon train heads for Denver with a cargo of whisky for the miners. Chaos ensues as the Temperance League, the US cavalry, the miners and the local Indians all try to take control of the valuable cargo.",https://www.imdb.com/title/tt0059250/
116,What Is This Movie that Ian Is so Excited About It Makes No Sense Whatsoever and There Is No Way It's Going to Be Made without Him Knowing It - Da Best Title Ever Btw:) : The Movie,2020,52m,N/A,N/A,,,"Big Nate, Lincoln Peirce's comic strip character, finds himself plagued constantly by a villain who succeeds in blowing up his nose which he uses to wreak havoc upon the world. Nate then has a strange dream in which he discovers a powerful remote, which he must find in the real world to use to destroy the villain. His journey is guided by the Powerful One, the God of the entire Universe, who informs him he is up against a serious threat. Along the way, he also learns several dark secrets that lead up to a radical finale.",https://www.imdb.com/title/tt14290026/
117,Listers: A Glimpse Into Extreme Birdwatching,2025,1h 59m,N/A,8.5,706,,"Two brothers dive into competitive birdwatching, living in a van for a year while traveling across the country to participate in a Big Year contest.",https://www.imdb.com/title/tt38023177/
118,Space Hunter,1983,,N/A,N/A,,,N/A,https://www.imdb.com/title/tt2249041/
119,Goliath,2016–2021,1h 0m,TV-MA,8.1,63K,,"Billy Mcbride is going through a rough patch. He has been fired from the law firm he helped build, his wife has left him, and he's now a down on his luck ambulance chaser. A lady (Patty) approaches him to represent her in a wrongful death case. After reluctantly accepting to take on the case, a series of strange events befall Billy. Through death threats, harassment, and trumped up arrests, Billy embarks on obtaining justice, and it is one hell of a ride. Additional unique cases eventually come Billy and Patty's way, making the ride even more entertaining.",https://www.imdb.com/title/tt4687880/
120,Acrophobia,2022,,N/A,N/A,,,A bookstore owner with a fear of heights must overcome his anxiety to retrieve his lucky rock.,https://www.imdb.com/title/tt22247074/
121,The Wrong Way to Use Healing Magic,2024,,TV-14,7.3,3K,,"Three high school students - student council president Suzune Inukami, her classmate Kazuki Ryusen and stranger Usato Ken - are suddenly swallowed up by a magic circle and transported to another world. The trio have been summoned as heroes to save a kingdom from a demon king's army - but only Suzune and Kazuki have what it takes to be heroes. Usato just happened to be dragged along for the ride. Fortunately, Usato is discovered to have the rare knowledge of a healing mage. He is abducted by Rose, the leader of the life-saving corps, and drafted into her ranks.",https://www.imdb.com/title/tt15237152/
122,Inercia,2020,9m,N/A,N/A,,,"A fateful phone call changes a young man's life forever, as he's left wandering around with nowhere to look but inside - And that's the very last thing he wants to do.",https://www.imdb.com/title/tt15940426/
123,Les Bidasses en folie,1971,1h 35m,N/A,5.4,740,,"Five friends, a zany group of cut-ups, are trying to set up a pop group. But they are soon drafted into military service - and will make a hell of their sergeant's life.",https://www.imdb.com/title/tt0187732/
124,Memories of My Hero,2016,,N/A,N/A,,,N/A,https://www.imdb.com/title/tt5793806/
125,The Hunger Games: The Ballad of Songbirds & Snakes,2023,2h 37m,PG-13,6.6,180K,54,"Coriolanus Snow at age 18, years before he would become the tyrannical President of Panem. Young Coriolanus is handsome and charming, and though the Snow family has fallen on hard times, he sees a chance for a change in his fortunes when he is chosen to be a mentor for the Tenth Hunger Games. only to have his elation dashed when he is assigned to mentor the girl tribute from impoverished District 12.",https://www.imdb.com/title/tt10545296/
126,Are You Glad I'm Here,2018,1h 25m,N/A,7.0,182,,A millennial American girl befriends a Lebanese housewife and disrupts her ordered life; one night they become accidental partners-in-crime.,https://www.imdb.com/title/tt6891516/
127,Jailhouse Rock,1957,1h 36m,Approved,6.5,11K,68,"Vince Everett is serving a one-year jail sentence for manslaughter. While in the big house, his cellmate, a former country singer, introduces him to the record business. Everett takes to it so well that he decides to become a singer when he gets out. However, he is quickly disillusioned by the record business. But with the help of a new friend, he decides to form his own label, and soon becomes an overnight sensation. But when he becomes a superstar, will his desire for fame and money cause him to forget the people who got him there?",https://www.imdb.com/title/tt0050556/
128,The Witch's Mirror,1962,1h 16m,Approved,6.5,1K,,"A husband murders his wife, and years later her ghost emerges from a witch's mirror to take her revenge.",https://www.imdb.com/title/tt0055966/
129,Scarface,1983,2h 50m,R,8.3,1.0M,65,"Tony Montana manages to leave Cuba during the Mariel exodus of 1980. He finds himself in a Florida refugee camp but his friend Manny has a way out for them: undertake a contract killing and arrangements will be made to get a green card. He's soon working for drug dealer Frank Lopez and shows his mettle when a deal with Colombian drug dealers goes bad. He also brings a new level of violence to Miami. Tony is protective of his younger sister but his mother knows what he does for a living and disowns him. Tony is impatient and wants it all however, including Frank's empire and his mistress Elvira Hancock. Once at the top however, Tony's outrageous actions make him a target and everything comes crumbling down.",https://www.imdb.com/title/tt0086250/
130,Jamais avant ma mère Petits secrets entre amoureux,2023–,,N/A,N/A,,,N/A,https://www.imdb.com/title/tt35978096/
131,Die Tränen meiner Mutter,2008,1h 31m,N/A,6.7,107,,"An Argentinean family flees to Germany with their little son during the military dictatorship in Argentina during the seventies. In Germany, their son grows up.",https://www.imdb.com/title/tt1003067/
132,The Rodriguez and the Beyond,2019,1h 56m,TV-PG,4.7,554,,"City of Madrid, Madrid (center to Spain). The Rodríguez is a too-much-normal family composed by the father, Rodrigo, a former banker reconverted in store worker from a franchise of repairs named Van Vatio; the mother, Cristina, a Mexican woman who works as therapist and psychologist; the older daughter, Alejandra, who is dating with arrogant and paid of himself Bosco; the younger daughter, Gabriela, an outside and outlandish girl who a strange bird doll as pet; and finally the middle son, Nico, a super-intelligent boy who tries to hide it to the family. After a visit of Rodrigo's aging mother Isabel in a senior living community, Isabel talks in secret with Nico, giving a package to open with he be 15 years old, but unable to await and implying his best friend Edu, Nico discovers an old VHS tape with a message from his dead grandfather about a box buried in the garden. Digging he finds the box and opens, finding the crank of the old refrigerator. Putting on its place, Nico unleashes the impossible when a man named Félix appears on the house and takes the family across of a dimensional portal to another world named Maktub. There, Sra. Presidenta explains the family that Rodrigo's father was really a Maktub's agent who in 1951 he was on mission to catch criminals that flee Earth, but he remained on planet Earth after he fell in love with Isabel, but forcing Maktub to be stuck in the 1951's look after he left a secret portal open to back Maktub if it was necessary. While Félix and the scientists as Pilar tries to find the portal to close, Félix and the family returns to planet Earth with a bracelets that change of color according people suspects about Rodriguez's identity (white, green and blue), under threat that if bracelets turns red, all them will be deported Maktub immediately. However, troubles increase progressively: the open portal causes that Alejandra turns in a girl with super-strength at the same time she suspects that Bosco is unfaithful her with their classmate Bea, and that a young neighbor named Jacobo feels attracted to her; Gabriela learns to be invisible, causing all kind of mess around her; Isabel floats as a balloon, and Rodrigo turns on his head and butt as a light bulb when he is angry. For more complications, Cristina's new client results to be Minister of Finances Pedro Solas, with a crisis of anxiety; Edu and Nico miss suddenly, forcing Cristina to talk with Ricardo and Natalia, the repulsive and conceited upper-class Edu's parents, to leave Edu in her home to pass the night together with Nico hoping they come back; Rodrigo's bosses appear by Van Vatio to supervise the business; and Félix is by error sent to Maktub after he's shot with a special gun, causing that a replace named J.J. cross the portal to help the family, not knowing that in true J.J. is a double-agent who works for Rugen Zelig, a dangerous criminal looking for revenge of Agente Rodríguez and his family.",https://www.imdb.com/title/tt7543538/
133,La Venganza,2002–2003,45m,N/A,7.1,146,,"Helena Fontana has a heart condition that claims her life after observing a scene between her husband Luis Miguel and her sister Grazzia at their wedding. Meanwhile, Valentina, a female boxer who takes part in illegal fights for m...",https://www.imdb.com/title/tt0344744/
134,Dead Space,1991,1h 12m,R,3.5,2K,,"Phaebon had been thought to be a safe and controlled research facility until a distress signal calls for Commander Kreiger and his robot Tinpan. Together, they try to save the planet from a spreading virus and an odd and growing cocoon.",https://www.imdb.com/title/tt0101675/
135,Fogo no Parquinho,2018,,N/A,N/A,,,N/A,https://www.imdb.com/title/tt21955558/
136,Vita Ad Mortem,2019,5m,N/A,N/A,,,N/A,https://www.imdb.com/title/tt12845556/
137,Tulip Fever,2017,1h 45m,R,6.2,24K,38,"In seventeenth century Amsterdam, an orphaned girl Sophia is forcibly married to a rich and powerful merchant Cornelis Sandvoort - an unhappy ""arrangement"" that saves her from poverty. After her husband commissions a portrait, she begins a passionate affair with the painter Jan Van Loos, a struggling young artist. Seeking to escape the merchant's ever-reaching grasp, the lovers risk everything and enter the frenzied tulip bulb market, with the hope that the right bulb will make a fortune and buy their freedom.",https://www.imdb.com/title/tt0491203/
138,Dúbio não Há Luz Sem As Sombras,2022,,N/A,N/A,,,N/A,https://www.imdb.com/title/tt21816342/
139,Me Before You,2016,1h 50m,PG-13,7.4,330K,51,Lou Clark knows lots of things. She knows how many footsteps there are between the bus stop and home. She knows she likes working in The Buttered Bun tea shop and she knows she might not love her boyfriend Patrick. What Lou doesn't know is she's about to lose her job or that knowing what's coming is what keeps her sane. Will Traynor knows a road accident took away his desire to live. He knows everything feels very small and rather joyless now and he knows exactly how he's going to put a stop to that. What Will doesn't know is that Lou is about to burst into his world in a riot of color. And neither of them knows they're going to change each other for all time.,https://www.imdb.com/title/tt2674426/
140,Still with Us,2020,36m,N/A,N/A,,,"A portrait of an Asian-American family dealing with a devastating loss. Caught in a malaise of midsummer blues, Joan Silang's (Libby Lee) discovery of a long-lost memory stone given by her dead sister, Maxine (Kelly Ng) propels her on a journey through time. Recalling their fondest memories together of what was and what could have been, Joan reckons with the fate of her own path through life, moving past grief, and bringing herself back from the brink of isolation.",https://www.imdb.com/title/tt13561448/
141,Festival,2020,,N/A,N/A,,,N/A,https://www.imdb.com/title/tt12151190/
142,Taste Me: Death-Scort Service Part 3,2018,1h 45m,N/A,3.2,128,,There's a killer on the loose and they're strangling hookers mostly from an escort service called Tasty Chicks. Police are on the case and are trying to track down the killer. Meanwhile a drifter is picked up by one of the hookers after he saves her from an abusive john. He is brought back to their whorehouse after he was shot by the john and is nursed back to health. He is offered a job to protect the girls from the killer targeting them. But he soon discovers something is strange going on in the house and there is more of a threat than just the strangler on the loose.,https://www.imdb.com/title/tt8514706/
143,Peace of Mind,2024,22m,N/A,N/A,24,,"In his early 20s, a man returns to his hometown to search for his sister, who had adopted him and has now mysteriously disappeared, only to uncover a vast conspiracy that threatens the very future he had lately dreamed of.",https://www.imdb.com/title/tt33339064/
144,El eco de otras voces,2024,1h 11m,N/A,N/A,,,N/A,https://www.imdb.com/title/tt36386095/
145,Bhimaa,2024,2h 21m,N/A,5.1,1K,,Mysterious incidents at a historical temple bring a detective to a small town to investigate. He seeks the truth behind the strange happenings.,https://www.imdb.com/title/tt26997803/
146,Sunburn,1999,1h 29m,Not Rated,6.4,716,,"A group of Irish college students are about to leave for the United States, where they've landed summer jobs on Long Island, New York. Working hard in the day and playing even harder at night, they relish the opportunity to enjoy adult life far from the eyes of their families. This will be a summer to remember for the rest of their lives.",https://www.imdb.com/title/tt0168199/
147,Expired Listing,2020,,N/A,N/A,,,"A real estate agent is surprised to find her day isn't as productive as she originally planned. Old business must be dealt with accordingly, but it might be too late. After a imaginary dream, she finds herself in a small battle with hunger. How does she go on? What will she do to satisfy her need for food?",https://www.imdb.com/title/tt11524966/
148,Don't F with Pablo,2024,1h 43m,N/A,N/A,,,"Pablo Escobar's illegitimate Jewish son in Miami, Pablito, Treks to Medellin to trace his ancestral roots and starts the kosher cartel.",https://www.imdb.com/title/tt31325836/
149,Master and Commander: The Far Side of the World,2003,2h 18m,PG-13,7.5,254K,81,"In April 1805 during the Napoleonic Wars, H.M.S. Surprise, a British frigate, is under the command of Captain Jack Aubrey. Aubrey and the Surprise's current orders are to track and capture or destroy a French privateer named Acheron. The Acheron is currently in the Atlantic off South America headed toward the Pacific in order to extend Napoleon's reach of the wars. This task will be a difficult one as Aubrey quickly learns in an initial battle with the Acheron that it is a bigger and faster ship than the Surprise, which puts the Surprise at a disadvantage. Aubrey's single-mindedness in this seemingly impossible pursuit puts him at odds with the Surprise's doctor and naturalist, Stephen Maturin, who is also Aubrey's most trusted advisor on board and closest friend. Facing other internal obstacles which have resulted in what they consider a string of bad luck, Aubrey ultimately uses Maturin's scientific exploits to figure out a way to achieve his and the ship's seemingly impossible goal.",https://www.imdb.com/title/tt0311113/
150,Daniel dans la fosse aux lions,1908,,N/A,N/A,,,N/A,https://www.imdb.com/title/tt0764742/
151,Hell and High Water,1954,1h 43m,Approved,6.1,2K,,A privately-financed scientist and his colleagues hire an ex-Navy officer to conduct an Alaskan submarine expedition in order to prevent a Red Chinese anti-American plot that may lead to World War III. Mixes deviously plotted schoolboy fiction with submarine spectacle and cold war heroics.,https://www.imdb.com/title/tt0047073/
152,Dear Son,2018,1h 44m,N/A,6.5,481,,"Riadh is about to retire from his work as a forklift operator at the port of Tunis. The life he shares with his wife Nazli revolves around their only son Sami, who is preparing for his high school exams. The boy's repeated migraine attacks are a cause of much worry to his parents. But when he finally seems to be getting better, Sami suddenly disappears.",https://www.imdb.com/title/tt7537960/
153,"Jeremy Fragrance - Power, Baby",2023–,,N/A,N/A,23,,"""Jeremy Fragrance - Power, Baby"" is a reality series on sky.",https://www.imdb.com/title/tt29102995/
154,Marat/Sade,1967,1h 59m,Approved,7.5,3K,,"July 13, 1808 at the Charenton Insane Asylum just outside Paris. The inmates of the asylum are mounting their latest theatrical production, written and produced by who is probably the most famous inmate of the facility, the Marquis de Sade. The asylum's director, M. Coulmier, a supporter of the current French regime led by Napoleon, encourages this artistic expression as therapy for the inmates, while providing the audience - the aristocracy - a sense that they are being progressive in inmate treatments. Coulmier as the master of ceremonies, his wife and daughter in special places of honor, and the cast, all of whom are performing the play in the asylum's bath house, are separated from the audience by prison bars. The play is a retelling of a period in the French Revolution culminating with the assassination exactly fifteen years earlier of revolutionary Jean-Paul Marat by peasant girl, Charlotte Corday. The play is to answer whether Marat was a friend or foe to the people of France. In the primary roles are a paranoiac with a skin condition (much as Marat had himself) as Marat, a narcoleptic with melancholia as Corday, and a sexual manic as M. Dupere. Coulmier feels he needs to intervene anytime during the performance when things get out of hand. The Marquis may have ulterior motives in the telling of this story, he who plays a large role on stage, especially in his discussions with the Marat character about the nature of the revolution and the differences in their individual motives concerning the revolution. As the inmates perform a story of revolution, they may subconsciously be sucked into the story mirroring their own struggles with authority. Real life and the actors' afflictions may also dictate how the performance turns out.",https://www.imdb.com/title/tt0060668/
155,A Boy and His Dog,1975,1h 31m,R,6.4,21K,68,"A post-apocalyptic tale based on a novella by Harlan Ellison. A boy communicates telepathically with his dog as they scavenge for food and sex, and they stumble into an underground society where the old society is preserved. The daughter of one of the leaders of the community seduces and lures him below, where the citizens have become unable to reproduce because of being underground so long. They use him for impregnation purposes, and then plan to be rid of him.",https://www.imdb.com/title/tt0072730/
156,Stardom: New Year Stars 2024 in Korakuen Hall,2024,,N/A,N/A,,,Tag Team Match HANAKO &amp; Sayaka Kurara vs. Ranna Yagami &amp; Yuzuki Tag Team Match Giulia &amp; Mayu Iwatani vs. Maika &amp; Saori Anou Wonder Of Stardom Title #1 Contendership Rumble Match Fukigen Death vs. Saki Kashima vs. Hazuki vs. AZM vs...,https://www.imdb.com/title/tt30877730/
157,Il fait beau dans la plus belle ville du monde,2008,12m,N/A,6.3,21,,"Lors d'une ""blindate"" une jeune femme cache un secret.",https://www.imdb.com/title/tt1267387/
158,The Original Sin,1948,1h 45m,N/A,6.9,92,,"An apple juice producer can't decide between his wife and his secretary and tries to commit suicide. Being committed to psychiatry, he falls asleep and dreams of adventures as Adam and Eve in heaven and hell.",https://www.imdb.com/title/tt0040105/
159,Her Beloved Enemy,1917,,N/A,N/A,,,N/A,https://www.imdb.com/title/tt0175719/
160,Miscast,2024,14m,N/A,N/A,,,"A filmmaker wants to make a crime drama/telenovela mashup with authentic Spanish dialogue. The problem is he doesn't speak Spanish, and neither does his production team. Auditions are cringe enough, but once miscast, the leading L...",https://www.imdb.com/title/tt35223504/
161,The Candy Girl,1917,,N/A,N/A,,,"Nell (Gladys Hulette) leaves the farm to start a candy store in New York, but has a troubled start until she meets Jack Monroe (William Park Jr.), a young spend thrift who helps her attract business. They fall in love, marry, and move in with Jack's father (J. H. Gilmour). Nell soon discovers that Jack is a drug addict. In sympathy, Jack's father offers to annul the marriage, but Nell refuses, wishing instead to commit herself to the indefinite struggle of pursuing the road to Jack's rehabilitation.",https://www.imdb.com/title/tt0168565/
162,A Better Life: An Exploration of Joy & Meaning in a World Without God,2015,1h 32m,N/A,7.4,65,,"If this is the only life we have, how does that affect how we live our lives, how we treat each other, and cope with death. As a follow-up to one of Kickstarter's most successful publishing projects, photographer and filmmaker Chris Johnson introduces us to some of the many voices from his book. In this fascinating documentary - learn the stories behind the book in interviews with some of our greatest thinkers. Join Chris as he explores issues of joy &amp; meaning and travels around the globe meeting people from all walks of life and backgrounds who challenge the false stereotypes of atheists as immoral and evil. From Daniel Dennett and A.C. Grayling, to Julia Sweeney and Robert Llewellyn -learn the various ways many atheists have left religion to a better life filled with love, compassion, hope, and wonder!",https://www.imdb.com/title/tt4683988/
163,Stars in Fast Cars,2005–,,N/A,N/A,,,N/A,https://www.imdb.com/title/tt0482429/
164,Untitled Adventures of Tintin Sequel,2027,,N/A,N/A,,,"Based on the comic book Prisoners of the Sun, where Tintin and Haddock head to South America to find a cure for their friend professor Calculus.",https://www.imdb.com/title/tt1037226/
165,Fin d'automne,2013,23m,N/A,N/A,,,N/A,https://www.imdb.com/title/tt3029502/
166,"Saint, Devil and Woman",1916,,N/A,N/A,,,N/A,https://www.imdb.com/title/tt0158909/
167,L'éblouie,2013,27m,N/A,N/A,,,N/A,https://www.imdb.com/title/tt3029504/
168,Bison 6,2015,26m,N/A,N/A,,,"I threw a firecracker on a woman. - What did you do ?! Julie is wandering in a neighbor of Nanterre, she's looking for someone she knew and meet unknown people. During her dance, stories are told...",https://www.imdb.com/title/tt4475850/
169,Ninjago: Monstrosity,2025–,,N/A,N/A,,,A spin-off TV series based on LEGO NINJAGO: Masters of Spinjitzu.,https://www.imdb.com/title/tt35513078/
170,The Seal,1981,53m,N/A,N/A,,,N/A,https://www.imdb.com/title/tt0933767/
171,Von jemandem der auszog das Fürchten zu verlernen,2007,41m,N/A,N/A,,,N/A,https://www.imdb.com/title/tt1419712/
172,Parrish Blue,1967,27m,N/A,N/A,,,N/A,https://www.imdb.com/title/tt6993388/
173,Our Last Tango,2015,1h 25m,Not Rated,7.2,740,70,"""Our Last Tango"" is a story of love between the two most famous dancers in tango's history. And the story of their tremendous love of tango. María Nieves Rego (81) and Juan Carlos Copes (84) met when they were 14 and 17, and they danced together for nearly fifty years. In all those years they loved and hated each other and went through several painful separations, but always got back together. Now, Juan and María are willing to open up about their love, their hatred, and their passion. In Our Last Tango Juan and María tell their story to a group of young tango dancers and choreographers from Buenos Aires, who transform the most beautiful, moving and dramatic moments of Juan and Maria's lives into incredible tango-choreographies. These beautifully-shot choreographies compliment the soul-searching interviews and documentary moments of the film to make this an unforgettable journey into the heart of the tango.",https://www.imdb.com/title/tt4937156/
174,Where Broadway Ends,2002,16m,NOT RATED,N/A,,,"With Brooklyn street gangs under the microscope, the film follows the danger youths growing up in the ghetto face everyday. Every day is a challenge, guns and money become to tools of the road where Broadway ends.",https://www.imdb.com/title/tt5478988/
175,The Taste of Things,2023,2h 15m,PG-13,7.4,19K,85,"The story of Eugenie, an esteemed cook, and Dodin - the fine gourmet chef she has been working for over the last 20 years.",https://www.imdb.com/title/tt19760052/
176,Hármas hasznosítás,1955,,N/A,N/A,,,N/A,https://www.imdb.com/title/tt10539156/
177,In Cold Blood,1967,2h 14m,R,7.9,31K,89,"In meeting in Kansas, ex-cons Perry Smith and Dick Hickock are breaking several conditions of their respective paroles. The meeting, initiated by Dick, is to plan and eventually carry out a robbery based on information he had received from a fellow inmate about $10,000 cash being locked in a hidden safe in the home of the farming Clutter family of Holcomb, Kansas. After the robbery, they plan on going to Mexico permanently to elude capture by the police. Each brings a necessary personality to the partnership to carry out the plan, Dick who is the brash manipulator, Perry the outwardly more sensitive but unrealistic dreamer with a violent streak under the surface. Perry literally carries all his dreams in a large box he takes with him wherever he goes. The robbery does not go according to plan in any respect, the pair who ultimately hogtie and execute all four members of the Clutter family, only coming away from the home with $43 in cash. As Perry and Dick go on the run, a murder investigation ensues, led by Topeka based Detective Alvin Dewey. If Dewey and his team are able eventually to identify the pair as the murderers and capture them, they, if they understand the two, may get their much needed confessions in dividing and conquering. Perry and Dick's fates may also be regardless of who literally pulled the trigger.",https://www.imdb.com/title/tt0061809/
178,Avant-terme,2014,,N/A,N/A,,,N/A,https://www.imdb.com/title/tt8819658/
179,The Night of the Pencils,1986,1h 45m,N/A,7.3,2K,,"This films tells the true story of seven teenagers who agitated for reduced student bus fares under two different regimes in Argentina, with tragic results. At first succeeding under the government of Isabel Peron, their protests draw hostile attention from the military regime that overthrows Peron. The ensuing crackdown on student social activists is demonstrated when police break up a school dance wielding swords on horseback. Later, six students are kidnapped in the middle of the night, and the police deceitfully claim ignorance about their whereabouts. Pablo (Alejo Garcia Pintos), a seventh member of the group is later arrested and learns that they have been brutally tortured by authorities. He survives to tell their story, but the six are never found, numbering among the hundreds of students who were kidnapped and are still missing.",https://www.imdb.com/title/tt0193355/
180,Cinderella and the Magic Slipper,1917,,N/A,N/A,,,"While lost in the woods, the prince of Drowse Castle is shown an image of his bride-to-be, Cinderella, by Titania, the queen of the fairies. Cinderella, who is virtually a servant in the home of her father, the Baron Balderdash, a...",https://www.imdb.com/title/tt0168585/
181,Distant Memory,2006,11m,N/A,7.1,9,,N/A,https://www.imdb.com/title/tt0996464/
182,Le desarroi du flic socialiste quechua,2014,,N/A,N/A,,,N/A,https://www.imdb.com/title/tt4539978/
183,Haunting Shadows,1919,50m,N/A,N/A,,,"Young John Glenarm's wealthy grandfather leaves him his estate, but the will stipulates that John live in the estate--rumored to be haunted--for one year or it will be forfeited to schoolteacher Marian Deveraux. John moves in and ...",https://www.imdb.com/title/tt0010216/
184,In Dreams,1999,1h 40m,R,5.5,14K,,"The housewife Claire Cooper is married to the pilot Paul Cooper and their little daughter Rebecca is their pride and joy. When a stranger kidnaps a girl, Claire dreams about the man but Detective Jack Kay ignores her concerns. But when Rebecca disappears during a school play, Claire learns that her visions were actually premonitions and she is connected to the killer through her dreams. She has a nervous breakdown and tries to commit suicide. Her psychologist Dr. Silverman sends her to a mental institution and soon she finds that her husband will be the next victim of the serial-killer. Further, the serial-killer was interned in the same cell in the hospital where she is. Will Claire be able to save Paul?",https://www.imdb.com/title/tt0120710/
185,The Magic Faraway Tree,2026,1h 50m,PG,6.8,2K,,"A modern family relocates to the countryside where the children discover a magical tree with eccentric residents. They're transported to fantastical lands, rekindling their family bond through adventures.",https://www.imdb.com/title/tt7734244/
186,Darf ich bitten?,2017,,N/A,N/A,,,N/A,https://www.imdb.com/title/tt11618092/
187,As Old as My Tongue: The Myth and Life of Bi Kidude,2006,1h 6m,Approved,8.4,11,,"A portrait of Bi Kidude, a living legend on her home island of Zanzibar. She has beguiled audiences around the world on her wide and varied travels.",https://www.imdb.com/title/tt2124741/
188,The Young Person's Guide to Becoming a Rock Star,1998,35m,N/A,8.1,326,,An up-and-coming Glasgow based rock band are faced the harsh realities of the music industry on their journey to becoming the next big thing.,https://www.imdb.com/title/tt0178167/
189,Change Your Tune,2018,,N/A,2.6,15,,Baz Ashmawy hosts the musical challenge in which some of Britain's worst singers undergo weeks of training to improve their voices before performing for the nation.,https://www.imdb.com/title/tt8094552/
190,We're No Angels,1989,1h 46m,PG-13,6.1,26K,48,A couple of escaped convicts on the run find refuge with the Church when they are mistaken for two priests. The two are keen to flee but are unable to do so without the help of Molly.,https://www.imdb.com/title/tt0098625/
191,Everything at Once,2021,1h 42m,Unrated,6.0,195,,"A film essay about a singular couple, Paco and Manolo, two Catalan photographers from the outskirts of Barcelona, who have been together for thirty years. Both have managed to work as a single photographer and have captured their imagery in Kink magazine, a very personal photography fanzine with an essentially Mediterranean homoerotic aesthetic.",https://www.imdb.com/title/tt14361426/
192,Birds of Prey and the Fantabulous Emancipation of One Harley Quinn,2020,1h 49m,R,6.1,282K,60,"A twisted tale told by Harley Quinn herself: When Gotham's most nefariously narcissistic villain Roman Sionis, and his zealous right-hand, Zsasz, put a target on a young girl named Cass, the city is turned upside-down looking for her. Harley, Huntress, Black Canary, and Renee Montoya's paths collide, and the unlikely foursome has no choice but to team up to take down Roman.",https://www.imdb.com/title/tt7713068/
193,Wolvenland,2023,,N/A,N/A,,,"The Netherlands have to deal with an old acquaintance, presenting itself as a new intruder: the wolf. 'Wolvenland' tells the story of the disruptive effect on insecure administrators, wolf haters and wolf huggers. Compromising bet...",https://www.imdb.com/title/tt31109809/
194,The Place Beyond the Pines,2012,2h 20m,R,7.3,307K,68,"A mysterious and mythical motorcycle racer, Luke, (Ryan Gosling) drives out of a traveling carnival globe of death and whizzes through the backstreets of Schenectady, New York, desperately trying to connect with a former lover, Romina, (Eva Mendes) who recently and secretly gave birth to the stunt rider's son. In an attempt to provide for his new family, Luke quits the carnival life and commits a series of bank robberies aided by his superior riding ability. The stakes rise as Luke is put on a collision course with an ambitious police officer, Avery Cross, (Bradley Cooper) looking to quickly move up the ranks in a police department riddled with corruption. The sweeping drama unfolds over fifteen years as the sins of the past haunt the present days lives of two high school boys wrestling with the legacy they've inherited. The only refuge is found in the place beyond the pines.",https://www.imdb.com/title/tt1817273/
195,Adventures in Rainbow Country,1969–,24m,N/A,6.9,80,,"Teenager Billy Williams and his sister Hannah live with their mother Nancy at a hunting and fishing lodge in Rainbow Country, the popular name of the North Channel area of Lake Huron in Ontario, Canada. The lodge was built by Billy's father Frank, who disappeared two years earlier when his bush plane went down while he was prospecting for gold. At 15, Billy is an accomplished wilderness guide, scuba diver, angler, spelunker, white-water canoeist, photographer, marksman, rock climber, skydiver and electric bass player in his rock group The Thunderbirds. Billy sports a mop of shaggy blond hair and always wears a gold mohair sweater, a GWG denim jacket, beige jeans and Kodiak boots, even on the most sweltering of summer days. Billy's best friend is Pete Gawa, a native Canadian who is equally adept at all the outdoor skills. The inseparable pair experience an endless string of adventures, thwarting the designs of jewel thieves (Mystery at Whaleback Bay), kidnappers (Pursuit Along the Aux Sables), Iron Curtain defectors (Stolen Tugboat), airplane hijackers (Milk Run), the military (Wall of Silence), petty larcenists (Roar of the Hornet), witch doctors (The Return of Eli Rocque) and the Devil himself (Lac du Diable).",https://www.imdb.com/title/tt0063861/
196,Kochen,1953,25m,N/A,N/A,,,"Herr Groß möchte das Kochen lernen. Zu diesem Zweck besucht er die Kochschule von Frau Klein. Diese stellt ihren Schülern die verschiedenen Arten des Kochens in modernem Glasgeschirr vor. Eigentlich ein gewöhnlicher Unterrichtsfilm, sollte man meinen, wäre da nicht die aufdringlich häufige Erwähnung eines bekannten Herstellers für feuerfestes Geschirr, der den Film anscheinend gesponsort hat. Um dem Ganzen die Krone aufzusetzen, versieht Herr Groß nach einem Griff in seine Jackentasche schließlich noch jedes Gericht mit einer besonderen Zutat eines ebenfalls sehr bekannten Herstellers für Fertigprodukte, dessen Name natürlich auch stets erwähnt wird. Ungewöhnlich und unfreiwillig komisch erscheint das schon recht dreiste Product Placement in einem europäischen Unterrichtsfilm der frühen 50er Jahre. Gerade das aber macht den kleinen Film, zusammen mit dem bekannten Darsteller, interessant.",https://www.imdb.com/title/tt0288089/
197,Den dansande kroppen,2014,25m,N/A,N/A,,,Parallel stories of several individuals in Värmland.,https://www.imdb.com/title/tt6963284/
198,Aisha,2022,1h 34m,N/A,6.6,937,,"AISHA charts the experiences of a young Nigerian woman as she seeks international protection in Ireland. Caught in limbo for years in Ireland's immigration system, Aisha Osagie (Wright) develops a friendship with former prisoner Conor Healy (O'Connor) who she meets at one of the accommodation centres. Aisha and Conor's growing friendship soon looks to be short lived as Aisha's future in Ireland comes under threat.",https://www.imdb.com/title/tt14397058/
199,"Terror's next target: Messages in June 2-4, 2017 crop circles",2017,5m,N/A,N/A,,,"Crop circle decoding is not science, we can be totally off and we hope to be wrong. But we must stay on high alert and hope we can live peacefully among each other",https://www.imdb.com/title/tt7533214/
200,The Old Code,1928,1h 0m,N/A,N/A,,,"An Indian girl is in love with French trapper Pierre, but he is interested in a French orphan, Marie. Complications ensue.",https://www.imdb.com/title/tt0019230/
201,Kingdom of the Planet of the Apes,2024,2h 25m,PG-13,6.8,167K,66,"Many years after the reign of Caesar, a young ape goes on a journey that will lead him to question everything he's been taught about the past and make choices that will define a future for apes and humans alike.",https://www.imdb.com/title/tt11389872/
202,Centrepiece,2016,8m,N/A,N/A,,,"LIAM, a goofy dad and country veterinarian has hit a milestone - the big 40. His morning dreams of being spoilt by his seductive wife are dashed as a controversial nude painting steals his ...",https://www.imdb.com/title/tt5937292/
203,Never Say Macbeth,2007,1h 26m,Not Rated,7.0,74,,"Danny Teller, a high school science teacher, shows up at auditions for Macbeth trying to get his girlfriend back. But the director mistakes Danny's story of love for a passionate acting monologue, and casts him as Witch #1. More comfortable with spacecraft than stagecraft, Danny struggles with rehearsals, and incurs the wrath of the cast when he breaks the cardinal rule of acting by saying ""Macbeth"" in the theatre. That's when things get weird. Lights fall, fruit floats, and freaky ghosts start singing show tunes. Danny teams up with a new-age actress, a tough Italian self-help guru, and a sci-fi obsessed stage manager to save the actors and his ex-girlfriend from the curse of Macbeth.",https://www.imdb.com/title/tt1053889/
204,Ananiyashi,2006,26m,N/A,N/A,,,N/A,https://www.imdb.com/title/tt6988018/
205,The Naked and the Dead,1958,2h 11m,Approved,6.4,2K,,"In the Pacific during World War 2, the officers live a comfortable life with good food, good drink and good quarters. To them, war is a game which they know they will win and the common soldiers are the pawns on the board. When the campaign slows down, the Commander sends a squad to the top of a mountain behind enemy lines to report on the Japanese troop movements. The squad is commanded by a tough cynical Sergeant who takes no prisoners and even takes the gold from the teeth of the enemy dead. Before the mission starts, the lieutenant, who has had a cushy job due to a life of wealth and privilege, criticizes the Commander over his attitude towards the common soldier and is re-assigned to lead the squad. The veteran Sergeant wants to complete this mission as ordered, and he will do everything he can do to see that it is successful.",https://www.imdb.com/title/tt0051978/
206,Valerian and the City of a Thousand Planets,2017,2h 16m,PG-13,6.4,208K,51,"In the twenty-eighth century, space station Alpha is a city where beings from different planets live together exchanging their knowledge and culture. Peace is granted by a human force, including Major Valerian (Dane DeHaan) and his partner Sergeant Laureline (Cara Delevingne). They are assigned by the Defense Minister (Herbie Hancock) to retrieve the last species of converter in a dangerous mission. They succeed and back to Alpha, unknown humanoids abduct Commander Arun Filitt (Clive Owen) expecting to steal the converter. They head to a forbidden area that is infected, but Valerian and Laureline follow them and disclose a hidden secret about the race and the infected area.",https://www.imdb.com/title/tt2239822/
207,"Märkische Heide, märkischer Sand",1990,58m,N/A,N/A,12,,"The second instalment of March Brandenburg trilogy captures the conversations taking place in Zehdenick during the weeks leading up to the first free elections in spring 1990. Including previously censored footage of March Brandenburg Bricks, this film reflects the hopes and concerns of the business community, working class women, and young people during 'Die Wende', the period of political change in East Germany.",https://www.imdb.com/title/tt0097949/
208,Trakt X,2019,,N/A,N/A,,,"Victoria starts her new job as a jailer at a security prison. The inmates are quite special, ill-treat and have nothing to lose. What might happen if the doors would be unlocked?",https://www.imdb.com/title/tt9348808/
209,Lindsay Loves Learning,2007,,N/A,N/A,,,N/A,https://www.imdb.com/title/tt1739193/
210,The Curious Case of Benjamin Button,2008,2h 46m,PG-13,7.8,741K,70,"On the day that Hurricane Katrina hits New Orleans, elderly Daisy Williams (nee Fuller) is on her deathbed in a New Orleans hospital. At her side is her adult daughter, Caroline. Daisy asks Caroline to read to her aloud the diary of Daisy's lifelong friend, Benjamin Button. Benjamin's diary recounts his entire extraordinary life, the primary unusual aspect of which was his aging backwards, being diagnosed with several aging diseases at birth and thus given little chance of survival, but who does survive and gets younger with time. Abandoned by his biological father, Thomas Button, after Benjamin's biological mother died in childbirth, Benjamin was raised by Queenie, a black woman and caregiver at a seniors home. Daisy's grandmother was a resident at that home, which is where she first met Benjamin. Although separated through the years, Daisy and Benjamin remain in contact throughout their lives, reconnecting in their forties when in age they finally match up. Some of the revelations in Benjamin's diary are difficult for Caroline to read, especially as it relates to the time past this reconnection between Benjamin and Daisy, when Daisy gets older and Benjamin grows younger into his childhood years.",https://www.imdb.com/title/tt0421715/
211,Salaar,2023,2h 55m,Not Rated,6.6,75K,,"The fate of a violently contested kingdom hangs on the fraught bond between two friends-turned-foes in this saga of power, bloodshed and betrayal.",https://www.imdb.com/title/tt13927994/
212,Love for Rent,2015–2017,55S min,N/A,7.3,10K,,"Defne, a poor girl living with her grand mother, brother and sister is tangled in a deal to make the famous business man, Omer fall in love with her and marry her before it's too late. Defne is forced to do this due to life obstacles and with her differences, will she be able to make Omer fall in love with her?",https://www.imdb.com/title/tt4787052/
213,Payback: Straight Up,2006,1h 30m,Unrated,7.5,5K,,Porter is shot by his wife and best friend and is left to die. When he survives he plots revenge.,https://www.imdb.com/title/tt0958860/
214,Life in a Year,2020,1h 47m,PG-13,6.2,11K,,The movie follows 17-year-old Daryn who finds out that his girlfriend is dying. He sets out to give her an entire life in the last year she has left.,https://www.imdb.com/title/tt6598238/
215,Antichrist,2009,1h 48m,Not Rated,6.5,144K,49,"A couple lose their young son when he falls out of a window while they are having sex in another room. The mother's grief consigns her to hospital, but her therapist husband brings her home intent on treating her depression himself. To confront her fears they go to stay at their remote cabin in the woods, ""Eden"", where something untold happened the previous summer. Told in four chapters with a prologue and epilogue, the film details acts of lustful cruelty as the man and woman unfold the darker side of nature outside and within.",https://www.imdb.com/title/tt0870984/
216,Born Again: The Power Team Story,2015,1h 24m,N/A,N/A,,,"The rise, fall, and rebirth of The Power Team, a group of bodybuilding preachers whose feats of strength once drew crowds of 50,000 to stadiums across the globe. Will they ever find that level of success again? Do they want to? The film investigates the physical, psychological, familial and spiritual challenges these massive bodybuilders must endure to bring the unsaved to Christ.",https://www.imdb.com/title/tt2495340/
217,Love on a Horse,1973,1h 37m,R,4.2,210,,"An old artist sees his younger wife and his son from a previous marriage making love while riding her white stallion. He decides to paint the scene on a canvas and when the lovers see his new work of art they suspect that he was spying on them. The tension rises and when they try to leave the house, the painters madness explodes.",https://www.imdb.com/title/tt0121503/
218,How to Lose a Wife and Find a Lover,1978,1h 44m,N/A,5.1,272,,"Castelli is an advertising executive who, having returned home early due to a car accident with Eleonora Rubens, a young Dutch woman abandoned by her husband, surprises his American wife in intimacy with the plumber.",https://www.imdb.com/title/tt0077356/
219,Violent Minds: Killers on Tape,2023–,,N/A,7.6,139,,"Follows the captivating inmate tapes of renowned psychologist Dr. Al Carlisle, exposing the psychopathic nature of Ted Bundy, the Hifi Killers, Arthur Gary Bishop and more.",https://www.imdb.com/title/tt27160974/
220,Angel Hare,2022–,,N/A,N/A,21,,"Jonah has discovered a nostalgic TV show that he'd all but forgotten about. The show hadn't forgotten him, though, and an investigation is about to take him deep down the rabbit hole.",https://www.imdb.com/title/tt22770112/
221,Confessions of a Serial Killer,1985,1h 29m,R,5.7,859,,"After being arrested, a Texas man begins confessing to the brutal murder of over 200 women. He recounts his random selection of victims and his traveling companions, his friend and friend's sister. But the police can't be sure whether to believe him or not until he locates a body and shows them some polaroids. Based on the true story of Henry Lee Lucas.",https://www.imdb.com/title/tt0092776/
222,Dance Fight Love Die: With Mikis On the Road,2017,1h 27m,N/A,7.4,26,,"60 stories based on 60 bits of music in a clip-style docu-fiction about musical anarchist Mikis Theodorakis (Z, Serpico, Zorba, Canto General).",https://www.imdb.com/title/tt5244578/
223,The Convenience Store,2026,1h 39m,N/A,N/A,,,"A Japanese horror film about a college girl on a night shift, adapted from the game of the same name.",https://www.imdb.com/title/tt38772539/
224,Yilmayan Seytan,1972,1h 24m,N/A,4.9,343,,"Wacky, unrestrained, and with its own mystifying internal logic that cannot be entirely chalked up to the language barrier, this low-budget Turkish exploitation film from the 1973 is very weird, and both provide a very good time. THE DEATHLESS DEVIL introduces us to a young man (Kunt Tulgar) who discovers that he was adopted, and that his father was really a superhero named Copperhead. Like anyone who finds out such blood runs in his veins, he dons the Copperhead mask and goes into action. First on his list is the nefarious, mustached Dr. Satan, who has plans to steal technology that will let him control the world's robots and electronics. This technology belongs to a kindly professor and his pretty daughter, whose safety is now in Copperhead's hands. As he fights to bring the villain down, he finds time to enjoy the numerous Turkish beauties who disrobe for him.",https://www.imdb.com/title/tt0185027/
225,Babli by Night,2024,24m,N/A,N/A,,,"Babban, a Muslim, transgender forest guard navigates life in a rural Indian forest with a family that doesn't understand them, with animals that may be the only hope and an unexpected HIV diagnosis.",https://www.imdb.com/title/tt34579896/
226,The Mime,2021,4m,N/A,N/A,69,,"On a late night at a lonely train station, a commuter is terrorized by a creepy mime.",https://www.imdb.com/title/tt16259454/
227,PANDAMNED,2022,2h 30m,N/A,4.9,69,,"For the past two years, the world population has been under the spell of the coronavirus. Emergency regimes have been established, civil liberties have been dismantled, surveillance programs were being installed and an unprecedent...",https://www.imdb.com/title/tt21059378/
228,Money Heist,2017–2021,1h 10m,TV-MA,8.2,605K,,"To carry out the biggest heist in history, a mysterious man called The Professor recruits a band of eight robbers who have a single characteristic: none of them has anything to lose. Five months of seclusion memorizing every step, every detail, every probability culminate in eleven days locked up in the National Coinage and Stamp Factory of Spain, surrounded by police forces and with dozens of hostages in their power, to find out whether their suicide wager will lead to everything or nothing.",https://www.imdb.com/title/tt6468322/
229,Portal: No Escape,2011,7m,N/A,7.1,3K,,"In a windowless and drab concrete cell, Chell, a young captive, is detained without recollection of who she is or how she ended up like this. Constantly monitored by her prison's camera, Chell spends her days exercising and planning her escape, however, without much hope. But then, unexpectedly, the determined woman will decipher the cell's secret and finally have a fighting chance. Can she escape?",https://www.imdb.com/title/tt2034756/
230,The Roses,2025,1h 45m,R,6.6,56K,58,"Life seems easy for picture-perfect couple Ivy (Colman) and Theo (Cumberbatch): successful careers, great kids, an enviable sex life. But underneath the façade of the perfect family is a tinderbox of competition and resentments that's ignited when Theo's professional dreams come crashing down.",https://www.imdb.com/title/tt31973693/
231,Rock 'n' Roll: The First 25 Years,1982–,1h 0m,N/A,N/A,,,N/A,https://www.imdb.com/title/tt1422425/
232,The Secret in Their Eyes,2009,2h 9m,R,8.2,241K,80,"In 1999, retired Argentinian federal justice agent Benjamín Espósito is writing a novel, using an old closed case as the source material. That case is the brutal rape and murder of Liliana Coloto. In addition to seeing the extreme grief of the victim's husband Ricardo Morales, Benjamín, his assistant Pablo Sandoval, and newly hired department chief Irene Menéndez-Hastings were personally affected by the case as Benjamín and Pablo tracked the killer, hence the reason why the unsatisfactory ending to the case has always bothered him. Despite the department already having two other suspects, Benjamín and Pablo ultimately were certain that a man named Isidoro Gómez is the real killer. Although he is aware that historical accuracy is not paramount for the novel, the process of revisiting the case is more an issue of closure for him. He tries to speak to the key players in the case, most specifically Irene, who still works in the justice department and who he has always been attracted to but never pursued due to the differences in their ages and social classes. The other issue is that Gómez is still at large, no one aware if he is alive or dead. But as Pablo at the time mentioned that passion is one thing that cannot be changed in behavior, Benjamín learns now that that premise still holds true.",https://www.imdb.com/title/tt1305806/
233,100 Years of Hope and Humor,2003,2h 0m,N/A,3.3,171,,A tribute to Bob Hope on his 100th brithday.,https://www.imdb.com/title/tt0380981/
234,Madames Thanh Sac,2026,,N/A,N/A,,,N/A,https://www.imdb.com/title/tt39520030/
235,Cadeia de Cristal,1965–,,N/A,N/A,,,N/A,https://www.imdb.com/title/tt0210407/
236,Plaza de la Soledad,2016,1h 18m,N/A,7.4,149,,This Documentary shows the life of four third age prostitutes working at one of the most poor neighborhoods of Mexico City.,https://www.imdb.com/title/tt5261818/
237,Apetito desesperado,2005,6m,N/A,N/A,,,N/A,https://www.imdb.com/title/tt0487546/
238,Until the Violence Stops,2003,,N/A,7.4,66,,"A documentary on V-Day, a global movement to end violence against women and girls.",https://www.imdb.com/title/tt0326425/
239,The Spirit of the Serpent: An Exploration Into Earth Energy,2003,58m,Not Rated,N/A,,,"A team of experts comes together in one place to unravel the mysteries of energy, folklore and our connection to Nature herself. Metaphysical concepts, once termed ""fantasy"" by the scientific establishment are now proven to be truth.",https://www.imdb.com/title/tt1410058/
240,Bed of Roses,1996,1h 27m,PG,6.1,9K,,Romantic drama about a young career girl who is swept off her feet by a shy florist who fell in love with her after one glimpse through a shadowy window.,https://www.imdb.com/title/tt0115644/
241,Young at Heart,1995,1h 36m,N/A,7.7,89,,"A matriarch of three generations born and raised in Hoboken, New Jersey, discovers that her recently-deceased husband has lost their bar and home to a gambling debt. Inspired by her love for the music of Hoboken-born Frank Sinatra, she then takes on the mobsters who threaten all she holds dear.",https://www.imdb.com/title/tt0115034/
242,Jak byc kochana,1963,1h 32m,N/A,7.3,795,,"An actress travels from Warsaw to Paris and during the trip reflects on the last few years of her life. It goes back to the German occupation and her hiding of a fellow actor who has supposedly killed a collaborator. He is weak and a bit cowardly, but suffers most from not having any audience for his vanity, ego and supposed bravery. After the war he leaves her but finds out that he has been accused of cowardice. He finally commits suicide and she clears herself of a collaboration charge and eventually becomes a popular actress.",https://www.imdb.com/title/tt0057196/
243,Don Pollo: King of Ohio,2025,,N/A,N/A,,,The story of an everyday man who became known worldwide by uploading videos eating in his car.,https://www.imdb.com/title/tt37529138/
244,La planète bleue de Lucner Lazard,2010,23m,N/A,N/A,,,N/A,https://www.imdb.com/title/tt29732432/
245,Army of Darkness,1992,1h 21m,R,7.4,206K,59,"Ash is transported with his car to 1,300 A.D., where he is captured by Lord Arthur and turned slave with Duke Henry the Red and a couple of his men. When Ash is thrown into a pit, he defeats two monsters and wins respect of Arthur's army and vassals. The Wiseman points Ash as The Chosen One that will retrieve the Necronomicon but Ash is only interested in returning home. When he learns that the only way to return to his time is using the Necronomicon, Ash decides to travel to the unholy land of the Deadites. The Wiseman advises that he must say the words ""Klaatu Barada Nikto"" to safely get the evil book. However, Ash forgets the last word and an army of the dead resurrects to attack Arthur fortress and recover the Necronomicon. The battle between the living and the dead is about to start and the support of Henry the Red is the only way to help Ash and Arthur to defeat the army of darkness.",https://www.imdb.com/title/tt0106308/
246,The Invisible Boy,2014,1h 40m,N/A,6.2,4K,,"Michele is thirteen year old, shy, unpopular at school, and in love with Stella. After wearing a costume for a Halloween party, he finds out that he's invisible.",https://www.imdb.com/title/tt3078296/
247,I Sing for You Alone,1933,58m,N/A,N/A,9,,"Shy tenor Marcello is afraid to sing in public. Two of his friends think of having an elegant youth on the stage pretending to sing while Marcello sings behind the curtain. The scam is successful, but after a while Marcello summons the courage to go on stage himself.",https://www.imdb.com/title/tt0023618/
248,Bertolt Brecht - Flüchtlingsgespräche,2022,55m,N/A,N/A,,,N/A,https://www.imdb.com/title/tt23036152/
249,La mano de Dios,1966,1h 40m,N/A,N/A,,,N/A,https://www.imdb.com/title/tt0355744/
250,The last midnight chapter 2: The Wicked Die Young,2017,1h 33m,N/A,6.0,9,,"after the events of the last midnight, Hansel wants to find an answer of what happen to him and his friends, however maleficent is back and now is in a little girl which is Hansel babysit girl.",https://www.imdb.com/title/tt10984600/
251,The Who: The Making of Tommy,2013,1h 0m,Unrated,7.6,235,,"The Who's seminal double album ""Tommy"", released in 1969, is a milestone in rock history. It revitalised the band's career and established Pete Townshend as a composer and Roger Daltrey as one of rock's foremost frontmen. The firs...",https://www.imdb.com/title/tt3291738/
252,Todo o nada,1984,1h 30m,N/A,5.4,20,,A street vendor and an unemployed begin to work in a drug trafficking company.,https://www.imdb.com/title/tt0169328/
253,Tangos Are for Two,1997,1h 33m,PG-13,6.8,331,,"A woman's voice says she was wife to Renzo Franchi and Carlos Gardel (1890-1935), Argentina's great tango singer. People say she's crazy. Her story unfolds. Buenos Aires, 1933: Juana Romero, a seamstress who lives for the music of Gardel, dumps her boyfriend Gustavo for Renzo, a singer who looks like Gardel. She insists that his trio performs Gardel's tangos, which leads to Renzo recording a Ford commercial when Gardel himself is overbooked. The trio, with Joanna in tow, goes on an ill-fated tour of points north. The couple breaks up: she goes home and he tries to get to New York. Fate steps in, and once again he's called upon to pose as Gardel. Then, legend and a bracelet take over.",https://www.imdb.com/title/tt0120250/
254,Alien: Monday,2024,19m,N/A,6.7,504,,"The crew of the Thanatos, a remote mining ship at the edge of the galaxy, discover the danger of an uninvited cargo.",https://www.imdb.com/title/tt33030098/
255,El borracho,2009,8m,N/A,N/A,,,A drunken swordsman tells the story of how he came to live in a world populated by mutants.,https://www.imdb.com/title/tt1517694/
256,El váter susurra,2000,43m,N/A,7.2,22,,"One unfortunate day in Galicia, a young married couple's toilet starts to do weird things: the cistern flushes alone, disturbing noises are heard, stains appear... When the woman ends up being groped and hassled, they decide to ask for help, but who's going to believe them?. A parody of 50's-style B SCI-FI flicks, with its threatening monster (a killer loo!), a terrorised scream-queen, a sceptical hero and an expert destructor of monsters.",https://www.imdb.com/title/tt0368421/
257,Teenage Sex and Death at Camp Miasma,2026,,N/A,N/A,,,"A queer director making a slasher franchise sequel becomes obsessed with casting the original film's 'final girl,' leading both women into psychological and sexual chaos.",https://www.imdb.com/title/tt35298123/
258,The Andes Don't Believe in God,2007,1h 45m,N/A,6.5,134,,"End of the 20's. Alfonso a young writer brought up in France, arrives to an adventurous mining town (Uyuni) in the midst of the Bolivian high plateau. Here he meets the beautiful Claudina a sensual, strong willed chola, la ""Misqui simi"" (""The one with the sweet lips""). Uyuni radiates a strange magnetism, it is charged with a collective euphoria produced by the bewitching mineral. The lives of the characters enter a whirl of passion, ambition and frustration.",https://www.imdb.com/title/tt0446273/
259,Porphyria's Fanatic,2025,50m,N/A,N/A,,,An actor's worst nightmare: a fading star is stalked by her young fan.,https://www.imdb.com/title/tt36590390/
260,Angels of Sex,2012,1h 45m,Unrated,6.4,5K,,"Struggling martial artist and dancer Bruno loves his girlfriend Carla, but when he meets fellow dancer Rai, serious sparks begin to fly, opening the couple up to new possibilities. A new generation navigates sexual fluidity, torn affections, and open relationships in this steamy love triangle. But once Bruno's clandestine encounters with Rai are revealed, a confused and hurt Carla kicks him out. But she simply doesn't want to give up on her love. Eventually she agrees that Bruno can date them both as long as he keeps his life with Rai relatively separate.",https://www.imdb.com/title/tt1840911/
261,Un hombre en un puente,2026,,N/A,N/A,,,N/A,https://www.imdb.com/title/tt16115226/
262,El camino hacia la muerte del viejo Reales,1971,1h 30m,N/A,8.3,39,,Life in Tucuman sugar mills through the story of a Tucuman farmer and his three children.,https://www.imdb.com/title/tt0201506/
263,Finding Benny,2016,,N/A,N/A,,,"Two siblings come to terms with the death of their developmentally disabled brother, Benny.",https://www.imdb.com/title/tt4401356/
264,Las fiestas de las calles San Sebastián Puerto Rico,2012,,N/A,N/A,,,N/A,https://www.imdb.com/title/tt12766360/
265,They Want My Eyes,2009,1h 20m,N/A,6.5,17,,N/A,https://www.imdb.com/title/tt1542885/
266,Bouquets 28-30,2006,5m,N/A,N/A,,,N/A,https://www.imdb.com/title/tt0927588/
267,The Wings of the Kirin,2011,2h 9m,N/A,6.5,914,,"A man is stabbed to death in Tokyo's Nihonbashi area. The victim staggers with the knife still in the wound for eight minutes before collapsing under the winged statues of two Kirin on the famous Nihonbashi bridge. The suspect, on the other hand, is now in coma, having fled the scene and been hit by a truck. On hearing this news, his girlfriend, Kaori Nakahara, insist that he is innocent. The case falls to Kyoichiro Kaga, a brilliant detective. Kaga realizes that behind this apparently open-and-shut case is a tangled web of mystery involving both victim and suspect, and their families. What was the victim thinking as he died? Will Kaga unravel the mystery at the heart of the case?",https://www.imdb.com/title/tt1946285/
268,Tu vida es mi vida,2024–,,N/A,N/A,66,,"After learning she has a life-threatening illness, a successful businesswoman quits to spend time with her three children before it's too late.",https://www.imdb.com/title/tt30146202/
269,Grave of the Fireflies,1989,1h 28m,Not Rated,8.5,384K,94,"The story of Seita and Setsuko, two young Japanese siblings, living in the declining days of World War II. When an American firebombing separates the two children from their parents, the two siblings must rely completely on one another while they struggle to fight for their survival.",https://www.imdb.com/title/tt0095327/
270,Zapatos nuevos,2007,29m,N/A,7.5,13,,"A tale inspired by true events about four children from South America who are brought to Europe to work as pickpockets and thieves. What they have in common is that they have nothing to return to, their lives are all they have and their dreams of a better life is all they can hope for.",https://www.imdb.com/title/tt1058580/
271,A Girl in the River: The Price of Forgiveness,2015,40m,Not Rated,7.8,2K,,"The extraordinary story of a young Pakistani woman who lived to tell of her narrow escape from an attempted ""honor"" killing by her father and uncle. Told through the lens of a true love story, the film tells the story of Saba who was shot and left for dead after marrying a man once promised to her. The result is a scathing examination of the contradictions between modernism and tradition within Pakistani society.",https://www.imdb.com/title/tt5144072/
272,Los taitas,1968,25m,N/A,6.6,16,,N/A,https://www.imdb.com/title/tt0324144/
273,My Name Is Earl,2005–2009,52S min,TV-14,7.8,115K,,"Earl is a low-life who buys a winning lottery ticket, only to get hit by a car, losing the ticket in the process. He then realizes in the hospital that his bad luck is the result of karma in which fate punishes him for all the rotten things he's ever done in his life; therefore, he then decides to dedicate his life to making amends to all the people he has hurt in his life.",https://www.imdb.com/title/tt0460091/
274,Together in Pieces,2014,25m,N/A,N/A,,,Together in Pieces is a 25 minute documentary on the changing landscape of Northern Ireland. The world famous murals and political slogans that have taunted its communities for over 40 years are being slowly transformed by a graffiti revolution.,https://www.imdb.com/title/tt5020212/
275,The Interdimensional Connection,2022,1h 3m,N/A,N/A,16,,"With more military data and whistleblower accounts being released periodically, it's becoming increasingly difficult to discount the UFO phenomena. So...where do they come from? For many ufologists posing the question of originati...",https://www.imdb.com/title/tt20772720/
276,The Adventures of Cowboy Jones,2022,,N/A,N/A,,,Cowboy Jones goes on various adventures,https://www.imdb.com/title/tt33058136/
277,All the Bright Places,2020,1h 47m,TV-MA,6.6,43K,61,"The story of Violet Markey and Theodore Finch, who meet and change each other's lives forever. As they struggle with the emotional and physical scars of their past, they come together, discovering that even the smallest places and moments can mean something.",https://www.imdb.com/title/tt3907584/
278,Skating with the Stars,2010,,N/A,3.7,79,,"Six celebrities will take to the ice with their professional partners, with couples performing high-paced ice dancing moves and dazzling figure skating routines. Couples will need to be perfectly in sync, since the ice is unforgiving of even the smallest mistake. The couple with the lowest ranking following the judges' scores and the public's votes will be sent home the following week.",https://www.imdb.com/title/tt1760165/
279,Historia de un clan,2015,50m,TV-MA,7.7,1K,,"The Puccio are apparently a family like any other: Archimedes, the father has a plan in hand, for which he needs the help of his family. He gathers his children to help him carry out the company. Archimedes's house becomes the center of operations, maintaining a life of contrasts. The story of the crime family organization, Archimedes Puccio connections with other criminal gangs and unsustainable innocence of this story based on real events.",https://www.imdb.com/title/tt5056538/
280,The Last Viking,2025,1h 56m,Not Rated,7.2,12K,82,A bank robber released from jail must unlock his traumatised brother's memory to recover stolen loot.,https://www.imdb.com/title/tt27817389/
281,Kingdom of War: Part 2,2007,2h 45m,Not Rated,7.2,461,,"Prince Naresuan is now the crown prince of Ayutthaya and the king of Burma is dead. While the new Burmese king is waging war, the crown prince plots to assassinate Naresuan. Hearing this, the prince decides to evacuate Thais out of the Burmese capital and declare that Siam will no longer bow to Burma. The war for the kingdom's independence begins.",https://www.imdb.com/title/tt0975744/
282,Age of Vikings: Fated,2020,,N/A,N/A,,,"A group of grizzled Viking veterans return to their homeland after spending many ill-fated years abroad. All scarred both mentally and physically, they struggle with trying to get back on their feet. Will they be able to continue fighting their bad fortune, or have the gods abandoned them?",https://www.imdb.com/title/tt13011836/
283,Tears of Valhalla,2016,7m,N/A,7.8,6,,"Linayeh, a beautiful young warrior, fights with anger, rage, love, loss, peace, and destiny. She is also the young daughter of Asger, the mighty Jarl of the Dragon Clan, and lives in the shadow of her ambitious older brother, Bjarkeravn. Until now. Feeling her angst and pain is her beloved Uncle Haakon, a formidable man who hides his own emotions to protect those he loves. Will the pursuit of peace, or the desire for vengeance, be measured with blood? What is written for Linayeh, and will she tame the dragon?",https://www.imdb.com/title/tt6340512/
284,Some Vikings,2019,6m,N/A,N/A,,,A little-known fact is that many Viking tribes originated in New Zealand and actually spoke with a modern-day New Zealand accent.,https://www.imdb.com/title/tt10309244/
285,The Outsiders,1983,1h 31m,PG,7.0,108K,45,"Tulsa, Oklahoma, 1965. Fourteen-year-old Ponyboy Curtis is the youngest of three orphaned brothers who live on the north side of town, the ""wrong side"" of the tracks. Sensitive Ponyboy used to have a good relationship with his oldest brother Darrel, but since Darrel became the household caregiver, he is always on Ponyboy's case. Caught in the middle is third brother Sodapop, who dropped out of school to work full time. They all belong to The Greasers, a gang of boys from the north side also from working class families, often broken. Ponyboy's main concern is that any problem they may encounter, especially in their Greaser activities, will lead to the authorities splitting up their family. He also believes Darrel would have outgrown them and become something in his life if it wasn't for his loyalty to the gang, and the need to take care of the family. The rest of the world sees the Greasers as all the same, the face being Dallas Winston, the most volatile one who has just been released from prison, despite each boy having his own specific view of life. Similarly, the world sees the Socs, the Greasers' primary rivals, as all the same, rich spoiled entitled boys with a sense of superiority from the south side of town, despite again each boy being his own person. A connection between the two gangs happens in the form of Ponyboy and Cherry Valance, which doesn't sit well with Cherry's Soc boyfriend, Bob Sheldon. As a result, an incident occurs involving the Socs, Ponyboy and fellow Greaser, sixteen-year-old Johnny Cade, an equally sensitive boy who wants a better life for himself, but seems stuck in a downward spiral with parents who don't give him the time of day. Beyond Ponyboy and Johnny's lives being threatened by that incident, the Greasers and the Socs agree to a rumble to settle things once and for all. Some of the boys realize the rumble will accomplish nothing, with the questions being if they can convince their colleagues of the same, and if not what the consequences will be.",https://www.imdb.com/title/tt0086066/
286,Where the Keys Cross,2010,2h 14m,N/A,N/A,,,"Pieter, an english based sequester, is pitted against an enemy more deadly than any 007 has had to face. Equipped with a bottle of beer and a gift for the piano, he is sent from his base in London to the swamp lands of Holland under his disguise as a jazz pianist. His orders are to stop a deadly plot, one which could send us all back to the dark ages, from hatching. An intensely humorous, deeply romantic and nerve-racking epic tale unfolds. A cinematographers delight.",https://www.imdb.com/title/tt1533778/
287,Viking Proverb,2014,5m,N/A,N/A,,,"A bandit tries to rob a traveling woodcutter of all his possessions, including his ax, but there are some things a man will not part with.",https://www.imdb.com/title/tt3886520/
288,El forastero,2002,1h 40m,N/A,4.6,21,,"The outsider comes from a planet wiped out by environmental disorder and nuclear fallout. It lands in an Andean spot near the small town of Paucartambo, has the appearance of a gringo and possesses a complete mastery of law and physics.",https://www.imdb.com/title/tt0322309/
289,Forastera,2024,,N/A,N/A,,,"During her Mallorca summer, Antonia recognizes similarities with her late grandma. She develops an influence over her mourning grandpa through dress-up, blurring who inhabits who.",https://www.imdb.com/title/tt32126595/
290,Die Dreaming,2003,,N/A,8.9,19,,N/A,https://www.imdb.com/title/tt1006865/
291,Publish or Perish,2023,1h 40m,N/A,8.4,131,,"A tenure-obsessed English professor accidentally takes a student's life. Desperate to protect his career, he makes a fateful decision, sending his life spiraling out of control.",https://www.imdb.com/title/tt12745710/
292,Cita a ciegas,2019,1h 0m,N/A,8.6,37,,"Overweight young Lucia makes a bet with her mother to find a boyfriend and lose weight before her little sister's wedding, but first she needs to find herself.",https://www.imdb.com/title/tt10440654/
293,World in My Corner,1956,1h 22m,Approved,6.3,391,,"A scrappy fighter from Jersey City named Tommy Shea -- ""born in a dump, educated in an alley"" -- catches the eye of wealthy businessman, Robert Mallinson, who allows him to train at his Long Island estate. Shea soon falls for Mallinson's daughter, Dorothy, but fears he doesn't have the money to support her in proper style. To get this money, Shea decides to work with crooked fight-promoter Harry Cram, even though this means dropping his honest manager, Dave Bernstein. As the big fight approaches, however, Shea begins to have second thoughts.",https://www.imdb.com/title/tt0049965/
294,Big Thunder,2013,,N/A,3.5,11,,N/A,https://www.imdb.com/title/tt2700886/
295,Viking Toothache,2017,5m,N/A,N/A,,,"Set in the Middle Ages, this short film is about an honorable man who is confronted by the consequences of his violent past.",https://www.imdb.com/title/tt7345574/
296,A Monster in Paris,2011,1h 30m,PG,6.7,24K,,"Paris, 1910. Emile, a shy movie projectionist, and Raoul, a colorful inventor, find themselves embarked on the hunt for a monster terrorizing citizens. They join forces with Lucille, the big-hearted star of the Rare Bird cabaret, an eccentric scientist and his irascible monkey to save the monster, who turns out to be an over-sized but harmless flea, from the city's ruthlessly ambitious police chief.",https://www.imdb.com/title/tt0961097/
297,Piccola America,1999,52m,N/A,N/A,,,N/A,https://www.imdb.com/title/tt0427671/
298,Altered Carbon,2018–2020,1h 0m,TV-MA,7.9,201K,,"ALTERED CARBON is set in a future where consciousness is digitized and stored in cortical stacks implanted in the spine, allowing humans to survive physical death by having their memories and consciousness ""re-sleeved"" into new bodies. The story follows specially trained ""Envoy"" soldier Takeshi Kovacs, who is downloaded from an off-world prison and into a combat ready sleeve at the behest of Laurens Bancroft, a highly influential aristocrat. Bancroft was killed, and the last automatic backup of his stack was made hours before his death, leaving him with no memory of who killed him and why. While police ruled it a suicide, Bancroft is convinced he was murdered and wants Kovacs to find out the truth.",https://www.imdb.com/title/tt2261227/
299,ARMADA 1588 Shipwreck and Survival,2020,,N/A,N/A,,,N/A,https://www.imdb.com/title/tt12274308/
300,The Eternal Art of Seeing Is Like a Painted Flower It Never Wilts,2016,1m,N/A,N/A,,,An experimental short film on the eternal birth and rebirth of seeing about seeing and the immortal nature of cinema itself.,https://www.imdb.com/title/tt12192214/
301,Kings of Ktown,2017,1h 39m,N/A,5.3,10,,"The Kings Of Ktown is a stand up comedy special, filmed at The Laugh Factory in Hollywood, featuring: Danny Cho, Paul PK Kim, & Walter Hong. They drop their views on culture, race, family, dating, and living in Koreatown.",https://www.imdb.com/title/tt6426928/
302,Essa Mulher É Minha... E Dos Amigos,1976,1h 44m,N/A,N/A,8,,N/A,https://www.imdb.com/title/tt0194849/
303,Battle for Dream Island Again,2012–,,N/A,N/A,6,,N/A,https://www.imdb.com/title/tt39550485/
304,Guy Martin: The Last Flight of the Vulcan Bomber,2015,1h 12m,N/A,7.5,232,,"Guy Martin helps restore XH558, the last airworthy Avro Vulcan bomber, to prepare it for its last ever flight, a 1000-mile farewell tour of Great Britain, before it is grounded.",https://www.imdb.com/title/tt5256700/
305,Luz de sombra,2022,7m,N/A,N/A,,,N/A,https://www.imdb.com/title/tt25050556/
306,John Wick,2014,1h 41m,R,7.5,819K,68,"With the untimely death of his beloved wife still bitter in his mouth, John Wick, the expert former assassin, receives one final gift from her--a precious keepsake to help John find a new meaning in life now that she is gone. But when the arrogant Russian mob prince, Iosef Tarasov, and his men pay Wick a rather unwelcome visit to rob him of his prized 1969 Mustang and his wife's present, the legendary hitman will be forced to unearth his meticulously concealed identity. Blind with revenge, John will immediately unleash a carefully orchestrated maelstrom of destruction against the sophisticated kingpin, Viggo Tarasov, and his family, who are fully aware of his lethal capacity. Now, only blood can quench the boogeyman's thirst for retribution.",https://www.imdb.com/title/tt2911666/
307,It's Only the End of the World,2016,1h 37m,N/A,6.8,26K,48,"After 12 years of absence, Louis (Gaspard Ulliel), a writer, goes back to his hometown, planning on announcing his upcoming death to his family. As resentment soon rewrites the course of the afternoon, fits and feuds unfold, fuelled by loneliness and doubt, while all attempts of empathy are sabotaged by people's incapacity to listen and love.",https://www.imdb.com/title/tt4645368/
308,Kaseki no kouya,1982,2h 3m,N/A,4.4,22,,N/A,https://www.imdb.com/title/tt0382776/
309,Hooligans,2025–,,N/A,6.6,18,,N/A,https://www.imdb.com/title/tt37434095/
310,The Beast of Babylon Against the Son of Hercules,1963,1h 38m,N/A,5.0,144,,"When the high-born Nippur returns to Babylon following a long stay in Persia, he rescues slave-girl Tamira from the soldiers of the evil usurper, Balthazar. Nippur then pays a courtesy visit to Balthazar's court where he meets the high-priestess Ura who has ambitions to become queen and who casts a lustful eye on this new visitor. Later, shocked by the cruelty of Balthazar's reign and influenced by a group of rebels, Nippur interrupts a fiery sacrifice of virgins. Forced to flee Babylon, Nippur -- wounded by an arrow in the back -- is restored to health by the forces of the Persian king, Cyrus, who are marching toward Babylon. Nippur slips back into Babylon where he's captured and chained to a wall inside a dungeon. Using his great strength, Nippur breaks free, rescues Tamira before she can be sacrificed, and engages Balthazar in a to-the-death sword fight. The Persian army now arrives and Cyrus, before returning home, sees to it that Nippur sits on the throne of Babylon with the faithful Tamira by his side.",https://www.imdb.com/title/tt0057038/
311,La caja de Emilio,2003,,N/A,N/A,,,N/A,https://www.imdb.com/title/tt0404848/
312,A Midsummer Night's Dream,1999,1h 56m,PG-13,6.4,28K,61,"Shakespeare's intertwined love polygons begin to get complicated from the start--Demetrius and Lysander both want Hermia but she only has eyes for Lysander. Bad news is, Hermia's father wants Demetrius for a son-in-law. On the outside is Helena, whose unreturned love burns hot for Demetrius. Hermia and Lysander plan to flee from the city under cover of darkness but are pursued by an enraged Demetrius (who is himself pursued by an enraptured Helena). In the forest, unbeknownst to the mortals, Oberon and Titania (King and Queen of the faeries) are having a spat over a servant boy. The plot twists up when Oberon's head mischief-maker, Puck, runs loose with a flower which causes people to fall in love with the first thing they see upon waking. Throw in a group of labourers preparing a play for the Duke's wedding (one of whom is given a donkey's head and Titania for a lover by Puck) and the complications become fantastically funny.",https://www.imdb.com/title/tt0140379/
313,La banda de San Cosmo,2010,15m,N/A,N/A,,,N/A,https://www.imdb.com/title/tt1772296/
314,Retrato Anónimo,2011,13m,N/A,N/A,,,"Gregorio, an ill young man, isolates himself in the most timeless of rooms of is old house. The unexpected presence of death will force him to choose between living his life in solitude or conquering his fears and setting himself ...",https://www.imdb.com/title/tt2083312/
315,Profana,2011,1h 12m,N/A,4.3,8,,"An arrogant man, an ancient entity called 'Profane', a blessing or a curse ... Several points of view and in the end only one last question: ' How much truth can you take? '",https://www.imdb.com/title/tt2659754/
316,Les dragons n'existent pas,2010,45m,N/A,6.5,6,,N/A,https://www.imdb.com/title/tt1615465/
317,Christmas on Cherry Lane,2023,1h 30m,TV-G,6.1,2K,,"Over the holidays, three couples at different stages of their lives traverse significant life turning moments at 7 Cherry Lane.",https://www.imdb.com/title/tt28287106/
318,Labirintul,1980,,N/A,6.5,13,,N/A,https://www.imdb.com/title/tt0174846/
319,Diario a Tres Voces,2012,1h 1m,N/A,8.7,8,,"We are always told that love lasts forever like in children's fairy tales, but the reality is that people change and relationships expire.",https://www.imdb.com/title/tt2460786/
320,Go for Grandma,2023,,N/A,N/A,,,N/A,https://www.imdb.com/title/tt28278682/
321,"AFI's 100 Years... 100 Movie Quotes: America's Greatest Quips, Comebacks and Catchphrases",2005,3h 0m,N/A,7.8,283,,"The American Film Institute reviews some of the most memorable, evocative and influential dialogue in motion picture history.",https://www.imdb.com/title/tt0466642/
322,Are We Dating the Same Guy?,2025,,N/A,N/A,,,"When a software engineer creates a dating app that allows women to review men they've dated, it exposes a serial cheater and launches a movement while threatening her career and relationships.",https://www.imdb.com/title/tt28613117/
323,Proprietarii,1973,1h 33m,N/A,5.9,9,,N/A,https://www.imdb.com/title/tt0070567/
324,Paul McCartney Live in St. Petersburg,2005,54m,N/A,8.1,115,,"As the rock musician performs in Russia, the story of the Beatles' revolutionary impact on the Soviet Union is told.",https://www.imdb.com/title/tt0392597/
325,5 Frações de Uma Quase História,2007,1h 36m,N/A,6.0,83,,An obsessive photographer crazy for female feet; a man that projects himself on situations he sees on TV; a simple public officer that receives a proposal from a corrupt Judge; a slaughter in a marriage crisis and a broken heart secretary that dreams to get married. These five characters will have their lives changed from a hot weekend.,https://www.imdb.com/title/tt1033465/
326,GLOW,2017–2019,35m,TV-MA,8.0,53K,,"In Los Angeles in 1985, Ruth Wilder, a struggling actress, auditions along with many other women in a fledgling professional wrestling promotion called the Gorgeous Ladies of Wrestling (GLOW). Traditionally minded in her approach to acting and highly idealistic, she clashes with GLOW's director Sam Sylvia due to his cynical demeanor and often unconventional work style. She discovers early on that he has employed her former best friend, retired soap opera actress Debbie Eagan to star in the show. Ruth and Debbie had fallen out with one another after Ruth had an affair with her husband, Mark, who she then divorced. The tension between the two women promises either to make or break the developing show.",https://www.imdb.com/title/tt5770786/
327,Resident Evil: Retribution - Face of the Fan,2012,4m,N/A,6.5,22,,Face of the Fan winner Dylan Syrett takes you behind-the scenes playing a zombie on the set of Resident Evil: Retribution (2012).,https://www.imdb.com/title/tt2597042/
328,Battlestar Galactica,2004–2009,44m,TV-14,8.7,186K,,"The second war against the Cylons is over, and The Twelve Colonies have been destroyed. Now Commander Adama of the Battlestar Galatica and President Laura Roslin lead a ragtag fleet of refugees in a supposed search for the fabled lost thirteenth colony, Earth. However, the dangers they face are many, which compound an already difficult situation. In addition to the Cylons hunting and attacking the fleet in space and their infiltrator units carrying out sabotage--even as their former unwitting pawn, Gaius Baltar, helps in the hunt for them while hiding both his own guilt and the strange presence that haunts his every thought--the fleet also faces internal political conflict in which the rabble-rousing figure Tom Zarek is merely the loudest dissenting voice, not to mention recurring shortages of food, water, and even oxygen. In the midst of these trials, however, clues begin to appear to suggest that Adama's bluff about finding Earth might hold more truth than anyone could have guessed.",https://www.imdb.com/title/tt0407362/
329,Incubación,2024,10m,N/A,N/A,,,"Paloma must face her pregnancy alone. The only support she receives are the sessions she has with her psychoanalyst. However, after suffering a shocking trauma, the barriers between reality and her imagination become blurred.",https://www.imdb.com/title/tt35603578/
330,Out of Phase,2015,4m,N/A,N/A,,,"Something happened to Bob, he's not sure what... But that world around him has changed, he doesn't know how... He's terrified, he doesn't know why...",https://www.imdb.com/title/tt4693272/
331,Whitt's End,2025,8m,N/A,N/A,6,,N/A,https://www.imdb.com/title/tt35672352/
332,In the Grey,2026,1h 38m,R,8.3,129,,"In The Grey follows a covert team of elite operatives who live in the global shadows, as comfortable wielding power and influence as they are automatic weapons and high explosives. When a ruthless despot steals a billion-dollar fortune, the team is sent to steal it back on what would be for anyone else a suicide mission. What begins as an impossible heist gets much worse, spiraling into an all-out war of strategy, deception and survival.",https://www.imdb.com/title/tt27681354/
333,The Deadly Trap,1971,1h 36m,PG,5.6,662,,"Jill is surprised and angry when her computer-genius boyfriend decides to quit his job in a big company for unclear reasons. But when her children disapear mysteriously and seem to have been kidnapped, she wants to know more, and discovers that she may be caught in a DEADLY TRAP...",https://www.imdb.com/title/tt0067382/
334,Bug Buster,1998,1h 33m,R,3.9,1K,,"A small lakeside resort community is beset by roaches. Big killer roaches that reproduce in dark moist places, and can grow to 10 feet long. The local sheriff may or may not be using them as part of his land-grab scheme. The locals eventually call in an over-the-top bug exterminator to relieve themselves of their problem.",https://www.imdb.com/title/tt0135165/
335,How to Train Your Dragon: The Hidden World,2019,1h 44m,PG,7.4,176K,71,"As Hiccup fulfills his dream of creating a peaceful dragon utopia, Toothless' discovery of an untamed, elusive mate draws the Night Fury away. When danger mounts at home and Hiccup's reign as village chief is tested, both dragon and rider must make impossible decisions to save their kind.",https://www.imdb.com/title/tt2386490/
336,One Planet,2024,,N/A,N/A,,,"One Planet will assist in solving issues including Global Warming, Climate Change, Ocean and Air Pollution, Species Extinction, Animal Cruelty and Abuse, Water Shortages,Homelessness and Poverty. One Planet includes World Thought Leaders, Scientists, Activists and Corporate Leaders doing good things for the planet. The film will be part of the solution bringing the aforementioned leaders to work together on a global level.",https://www.imdb.com/title/tt3209066/
337,Off and Running,1991,1h 26m,PG-13,5.3,249,,"Cyd Morse is an actress, but her biggest role so far is as a recurrent guest on '""Miami Vice""'. She earns her living with underwater dancing at the bar of the Eden Rock Hotel in Miami Beach. There she's approached by ex-jockey Woody; they start dating and kind-of fall in love. However it's a short luck: one evening he's brutally beaten to death in his hotel room. Cyd's a witness and gets hold of a key Woody had around his neck. She's got to flee from the murderer. Due to an accident she meets golfer Jack Connett. He can't resist her charme and helps her on the search for the lock to the key and the flight from the murderer.",https://www.imdb.com/title/tt0102577/
338,Breast Men,1997,1h 35m,R,5.8,5K,,"A young plastic surgery intern gets tired of watching exciting developments in other fields (artificial hearts, etc). He finds a current, safe type of breast implants. All he has to do is convince his supervising surgeon this will work, and find a volunteer for the first patient. They gain immense financial success as cosmetic breast augmentation surgeries become accepted and frequented in American culture, but follow different paths. One becomes a narcissist interested in developing and implanting larger-sized implants popular with erotic dancers and female porn stars. The other continues to pursue a more serious, clinical approach for the everyday woman.",https://www.imdb.com/title/tt0133643/
339,Les Oubliettes,2023–,,N/A,N/A,,,"-Emma, 26, owes an incredible amount of money to her creditors. Misanthropic but in over her head, she invents a passion for the Middle Ages to get a job at Les Oubliettes restaurant. After a series of strange events threaten to c...",https://www.imdb.com/title/tt27796211/
340,Marele premiu,1986,1h 5m,N/A,N/A,,,N/A,https://www.imdb.com/title/tt0237440/
341,About Endlessness,2019,1h 18m,N/A,6.8,8K,87,"ABOUT ENDLESSNESS is a reflection on human life in all its beauty and cruelty, its splendor and banality. We wander, dreamlike, gently guided by our Scheherazade-esque narrator. Inconsequential moments take on the same significance as historical events: a couple floats over a war-torn Cologne; on the way to a birthday party, a father stops to tie his daughter's shoelaces in the pouring rain; teenage girls dance outside a cafe; a defeated army marches to a prisoner-of-war camp. Simultaneously an ode and a lament, ABOUT ENDLESSNESS presents a kaleidoscope of all that is eternally human, an infinite story of the vulnerability of existence.",https://www.imdb.com/title/tt6817944/
342,All the Pretty Little Horses,2020,1h 47m,N/A,5.5,220,,A paranoid psychological thriller about a married couple trying to rebuild their life.,https://www.imdb.com/title/tt9301556/
343,Fidgety Bram,2012,1h 23m,N/A,7.0,610,,A hyperactive young boy navigates family life and primary school as both he and his surroundings attempt to make sense of his restlessness and uncontrollable imagination.,https://www.imdb.com/title/tt2243189/
344,In Your Eyes,2014,1h 46m,Not Rated,6.9,33K,,"In the frozen East Coast winter, Rebecca is withering away in a life of cocktail parties and lonely nights as the sheltered, soft-spoken wife of a successful doctor. Across the country in sun-drenched New Mexico, charismatic ex-con Dylan is struggling to find his footing and a fresh start. When these polar opposites realize they share an inexplicable connection, a unique metaphysical romance begins.",https://www.imdb.com/title/tt2101569/
345,Idol - Jakten på en superstjerne,2003–,50m,N/A,4.0,99,,This show is about finding Norway's new popstar. Norway's version of U.K'S Pop Idol.,https://www.imdb.com/title/tt0368509/
346,Avaria,1978,1h 36m,N/A,6.6,8,,N/A,https://www.imdb.com/title/tt0159261/
347,Welcome to the Occult Forest: The Movie,2022,2h 3m,N/A,N/A,39,,"A washed up horror film director named Kôji Kuroishi (played by Kôji Shiraishi) and his assistant director named Miho Ichikawa (played by Mayu Hotta) visits a house deep in wooded mountains to film a movie. Once arrived, they meet...",https://www.imdb.com/title/tt21075414/
348,Anne of Green Gables,1985,3h 19m,TV-G,8.5,24K,,"At the turn of the century on Prince Edward Island, Matthew Cuthbert and his sister Marilla decide to take on an orphan boy as help for their farm. But they get an unexpected jolt when they're mistakenly sent a girl instead: Anne Shirley. Anne's a dreamer with an unusual point of view, far removed from Marilla's pragmatic ways, and it's only on trial that Marilla agrees to keep Anne...if Anne can keep out of trouble, only Anne has a positive genius for it. As Anne falls into a series of scrapes (and off a roof), makes a bosom friend, searches (and finds) several kindred spirits, Matthew and Marilla discover that their lives have become a great deal richer, now that Anne is at Green Gables.",https://www.imdb.com/title/tt0088727/
349,Chest,2022,1h 35m,N/A,4.6,271,,"While filming a documentary series about Appalachian folklore and mythology, a crew of amateur filmmakers uncover the legend of a mysterious box hidden away deep in a wilderness area known as ""Jeffrey's Hell"" in the Appalachian mountains of East Tennessee. As the mystery unfolds they soon discover that some secrets are best locked away and forgotten. Based on actual events.",https://www.imdb.com/title/tt9568318/
350,Parasiten,2005,29m,N/A,5.5,42,,N/A,https://www.imdb.com/title/tt0455176/
351,The Super Mario Bros. Movie,2023,1h 32m,PG,7.0,293K,46,"A Brooklyn plumber named Mario travels through the Mushroom Kingdom with a princess named Peach and an anthropomorphic mushroom named Toad to find Mario's brother, Luigi, and to save the world from a ruthless fire-breathing Koopa named Bowser.",https://www.imdb.com/title/tt6718170/
352,Göken Ulla,2002,11m,Btl,4.5,16,,N/A,https://www.imdb.com/title/tt0327823/
353,Uncle Douglas,2003,9m,N/A,5.9,33,,"A Christmas story about family. Douglas and his wife Pat descend on the family of Douglas's dead sister to pay a sour call at Christmas. The widower, Barry, is sweet and courteous as Douglas bullies him and Pat tries unsuccessfully to soften her husband. While Barry goes into the garden to tend to his goat (a gift from his dead wife), Barry shoos his niece Sarah into the kitchen with Pat while he has a man-to-man talk with his nephew Michael. Seems he believes Michael is gay. That conversation over, Douglas and Pat take their leave; Pat discloses something to Douglas in the car, while the family returns to its normal pursuits. Is anything as it seems?",https://www.imdb.com/title/tt0393912/
354,Novembersnö,2003,14m,N/A,8.1,20,,Iris' daughter Mona is visiting. Iris has aged since they last met and gets daily help from the healthcare. The power struggle between mother and daughter is put to the test when Iris no longer can take care of herself. As usual Iris tries to control and tame her surroundings. But Mona has had enough.,https://www.imdb.com/title/tt0363283/
355,Tasse de Thé,2006,9m,N/A,N/A,,,N/A,https://www.imdb.com/title/tt2166167/
356,Bakom mahognybordet,1996,8m,N/A,6.9,24,,"Göran arrives at his office early one Monday morning. As always, he starts his day with a cigarette and a cup of coffee. As he reaches out for his cup, Göran discovers his hand is missing.",https://www.imdb.com/title/tt0117210/
357,Horrible Bosses,2011,1h 38m,R,6.9,486K,57,"Nick hates his boss, mostly because he's expected to work from before sunrise to after sunset and his boss, Mr. Harken, calls him out for being a minute late and blackmails him so he can't quit. Dale hates his boss, Dr. Julia Harris, because she makes unwelcome sexual advances when he's about to get married. But Dale is on that pesky list of child-offenders so he can't quit. Kurt actually likes his job and his boss--well, up until his boss dies and the boss's coked-out, psychopathic son takes over. But who would be crazy enough to quit their jobs in such poor economic times? Instead, Nick, Dale, and Kurt drunkenly and hypothetically discuss how to kill their bosses, and before they know it, they've hired a murder consultant to help them pull off the three deeds.",https://www.imdb.com/title/tt1499658/
358,Rick and Morty,2013–,23m,TV-MA,9.0,692K,,"An animated series on adult-swim about the infinite adventures of Rick, a genius alcoholic and careless scientist, with his grandson Morty, a 14 year-old anxious boy who is not so smart. Together, they explore the infinite universes; causing mayhem and running into trouble.",https://www.imdb.com/title/tt2861424/
359,The Power of Giving: Stories of Volunteerism,2009,57m,N/A,N/A,,,N/A,https://www.imdb.com/title/tt9269608/
360,Ready to Rumble,2000,1h 47m,PG-13,5.3,16K,23,"Two dimwit sewage workers watch their hero, WCW wrestler Jimmy King, get screwed out of the World title by wrestler Diamond Dallas Page and evil WCW owner Titus Sinclair. They embark on a quest to help their hero win his title - and honor - back. Features cameos by lots of WCW wrestlers.",https://www.imdb.com/title/tt0217756/
361,L'oro del mondo,1968,1h 34m,N/A,5.0,93,,"A spoiled rich boy blackmails a girl into becoming his fiancee - if she doesn't, her father's firm will bankrupt. A poor but honest boy who loves her tries to save her.",https://www.imdb.com/title/tt0139510/
362,Feliz Cumpleaños,2017,15m,N/A,N/A,,,"While baking a birthday cake for her husband with her mother-in-law, Rita must make a decision regarding her troubled marriage and her recently-discovered pregnancy.",https://www.imdb.com/title/tt4401136/
363,Ett rum,1984,,N/A,N/A,,,N/A,https://www.imdb.com/title/tt0245398/
364,The Secret Life of Walter Mitty,2013,1h 54m,PG,7.3,366K,54,"The manager of the negative assets sector of Life magazine, Walter Mitty, has been working for sixteen years for the magazine and has a tedious life, not going anywhere but from his home to his job and vice-versa. He is an escapist, daydreaming into a world of fantasy many times a day. Walter has a crush on the recently hired Cheryl Melhoff but he is too shy to invite her on a date and he is trying to contact her via online dating. The magazine is preparing to release its last printed edition and the loathsome manager of transition Ted Hendricks is preparing an inevitable downsizing over the next few days. Walter has been the liaison between the magazine and the mysterious independent photographer Sean O'Connell who has sent to him a package of negatives and a wallet as a gift for his work. Sean also suggests to the senior management the use of negative 25 for the cover of the last edition. However, Walter cannot find the negative that is missing. Walter has no means to contact Sean and finds a clue that he might be in Greenland. He decides to travel to Greenland to track Sean down in the beginning of an unbelievable adventure.",https://www.imdb.com/title/tt0359950/
365,"Right Man, Wrong Woman",2025,,N/A,N/A,,,"Right Man, Wrong Woman follows Brandon, who falls for Morgan, but her manipulative nature unravels his life, forcing him to face his mistake.",https://www.imdb.com/title/tt34748179/
366,Traveling Hopefully,1982,1h 24m,N/A,6.2,52,,"A documentary about Roger Baldwin, the founder of the ACLU.",https://www.imdb.com/title/tt0084820/
367,Souvenirs from Sweden,1961,22m,N/A,N/A,,,"An American tourist walks into a souvenir shop in Stockholm and while he waits for the clerk to finish a phone call, he looks at various exhibited objects and the film then associates with various Swedish phenomena in work and dai...",https://www.imdb.com/title/tt0318710/
368,Kage no Hikari,2007,47m,N/A,N/A,,,"Semi-improvisation arisen from a look. A conversation, punctuated by subtle silences, sketching the portrait of Maki Tomoda, a thirty years old woman, and porn actress.",https://www.imdb.com/title/tt4545490/
369,Death Proof,2007,2h 7m,R,7.0,332K,,"In Austin, Texas, the girlfriends Julia, Arlene and Shanna meet in a bar to drink, smoke and make out with their boyfriends before traveling alone to Lake LBJ to spend the weekend together. They meet the former Hollywood stuntman Mike, who takes Pam out in his ""death-proof"" stunt car. Fourteen months later, Mike turns up in Lebanon, Tennessee and chase Abernathy, Zoë and Kim, but these girls are tough and decide to pay-back the attack.",https://www.imdb.com/title/tt1028528/
370,River Memories,2015,1h 36m,N/A,5.2,17,,N/A,https://www.imdb.com/title/tt4923050/
371,The Diary of Alicia Keys: Live from New York,2023,,N/A,N/A,,,N/A,https://www.imdb.com/title/tt31860566/
372,Le mal est fait,2000,,N/A,N/A,,,N/A,https://www.imdb.com/title/tt0277125/
373,The Life and Movies of Ersan Kuneri,2022–,,TV-MA,6.6,17K,,Depiction of the life of Ersan Kuneri. An ex-pornographic actor turned filmmaker in 1980s Turkey.,https://www.imdb.com/title/tt13238304/
374,Stuttur Frakki,1993,1h 35m,N/A,5.7,49,,N/A,https://www.imdb.com/title/tt0178045/
375,Off Campus,2026–,,TV-MA,8.2,2K,,"A college-set romantic drama chronicling the unexpected love story between a music student and the university's star hockey player, exploring themes of love and the complexities of adulthood through deep friendships and enduring bonds.",https://www.imdb.com/title/tt33546863/
376,Screen Unseen Out & About,2018,1h 3m,N/A,N/A,,,"Along with LuLu & Claire, Paul attends Odeon cinema's first 'screen unseen' event.",https://www.imdb.com/title/tt12881952/
377,My Brother's Wife,2005,1h 29m,R,6.0,4K,41,"Even though Zoe/Sonia has been married to Ignacio/Ishan for about a decade, they are unable to have children. She wants to be intimate but he prefers to be ready for intimacy on Saturdays only, and she gets physically drawn to his artistic brother, Gonzalo/Rohan. Then things get complicated for her after she tests positive for motherhood and finds that her husband may be gay.",https://www.imdb.com/title/tt0463345/
378,100 Yards,2023,1h 48m,PG-13,5.8,206,,Follows two bitter rivals as they duel for stewardship of a wushu academy.,https://www.imdb.com/title/tt27881925/
379,Twenty One Pilots: Cinema Experience Extended Cut,2022,1h 30m,N/A,N/A,17,,"Journey inside the minds of GRAMMY Award winning duo Twenty One Pilots, as the epic Scaled And Icy album release celebration from 2021 comes to cinemas worldwide on May 19.",https://www.imdb.com/title/tt22098258/
380,Madhouse,1974,1h 29m,PG,6.2,5K,,"Horror movie actor Paul Toombes, famous for playing ""Dr. Death,"" suffers a nervous breakdown before going to England to do a TV series. Cast and crew members start dying the way characters did in Toombes' old movies.",https://www.imdb.com/title/tt0071790/
381,Sound Party,2023,2h 5m,N/A,6.2,2K,,"A father-son duo embarks on a quest for wealth, launching a family-run restaurant. But their dreams fall off when their eatery is shut due to illegalities, leading to a series of events, yielding control of their lives to a local ...",https://www.imdb.com/title/tt26690968/
382,There Is Someone in Our House,2022,,N/A,N/A,,,A woman is stalked in a home invasion by a man in a mask.,https://www.imdb.com/title/tt18312156/
383,Cooped Up,2016,1h 25m,N/A,5.3,150,,"After coming into contact with a potentially fatal virus, a bitter professional wrestler is forced to isolate himself in his childhood home for 21 days.",https://www.imdb.com/title/tt4937112/
384,Empire of the Sun,1987,2h 33m,PG,7.7,142K,62,"Based on J. G. Ballard's autobiographical novel, tells the story of a boy, James Graham, whose privileged life is upturned by the Japanese invasion of Shanghai, December 8, 1941. Separated from his parents, he is eventually captured, and taken to Soo Chow confinement camp, next to a captured Chinese airfield. Amidst the sickness and food shortages in the camp, Jim attempts to reconstruct his former life, all the while bringing spirit and dignity to those around him.",https://www.imdb.com/title/tt0092965/
385,The Ice King,2018,1h 29m,N/A,7.2,269,,"THE ICE KING is the searing documentary of a lost cultural icon, a story of art, sport, sexuality, and rebellion. Including incredible unseen footage of some of his mort remarkable performances and with access to Curry's letters, archive interviews, and interviews with his family, friends and collaborators, this is a portrait of the man who turned ice-skating from a dated sport into an exalted art form. Watch any figure skating and it falls into two possible camps: before and after John Curry. From what was a macho, technical sport whose judges punished deviation blossomed - through John Curry's stubborn beauty - ice-dancing. This was no Holiday on Ice, but a new artistic medium. After winning gold at the Winter Olympics for a rebelliously balletic routine, Curry saw the world's stages sheeted with ice. Audiences and reviewers alike were enthralled by his genius. But Curry's story is about more than skating. On the night of the final, Curry became the first openly gay Olympian at a time when homosexuality was barely legal. From bullying and prejudice, to relief in the gay underworld, to his untimely death from AIDS, Curry's story dovetails with the experiences of a generation. Tortured by demons, Curry was forever on the run. Never owning a home, he lived on the favours of those who loved him. The only place he found true freedom was the ice. This is the story of a man whose body was a battleground. From love affairs, to violence in sex clubs, to its 'unmanly' elegance on the ice, every act was rebellion. John Curry was no activist, but an artist expressing his authentic self - yet in a world where his existence was taboo, his life was unavoidably political.",https://www.imdb.com/title/tt7602430/
386,Doom of Love,2022,1h 40m,TV-14,4.9,3K,,"After his ad agency goes bankrupt, an indebted Firat falls for a singer at a yoga retreat and joins her on a journey of self-realization.",https://www.imdb.com/title/tt14369296/
387,Bella entre las flores,1990,,N/A,N/A,,,N/A,https://www.imdb.com/title/tt0204887/
388,Domingo 7,1999,,N/A,N/A,,,N/A,https://www.imdb.com/title/tt23862498/
389,A Woman in Kurdistan,2017,,N/A,N/A,,,N/A,https://www.imdb.com/title/tt12574374/
390,Puratchikkaaran,2000,2h 20m,N/A,N/A,,,"Thamizhmani, a non-believer in god, kidnaps three different heads of religion. During an interview at his hideout, he relates to Kanimozhi, a journalist, as to how a Brahmin turned into a terrorist.",https://www.imdb.com/title/tt14788468/
391,Vicio Maldito,2013,,N/A,N/A,,,N/A,https://www.imdb.com/title/tt4632966/
392,Helmet,2021,1h 44m,N/A,6.5,3K,,"Lucky is a singer in a band which performs at weddings. But he wants to open his own band someday. He's in love with Rupali, whose father is a wealthy man and wants to get her married off to another guy. Lucky needs to prove to Rupali's dad that he is capable of marrying her. Desperate to make some quick money, Lucky and his friends rob an e-commerce company truck. But to their surprise, the looted boxes contain condoms instead of electronic gadgets. What will Lucky do? Will they be able to sell the condoms in a town that shies away from it?",https://www.imdb.com/title/tt11460818/
393,"1970, 400 otages pour libérer la Palestine",2005,52m,N/A,N/A,,,N/A,https://www.imdb.com/title/tt1037001/
394,Cassette 22,2013,14m,N/A,N/A,,,N/A,https://www.imdb.com/title/tt33338101/
395,Pina,2011,1h 43m,PG,7.6,16K,83,"In modern dance since the 1970s, few choreographers have had more influence in the medium than the late Pina Bausch. This film explores the life and work of this artist of movement while we see her company perform her most notable creations where basic things like water, dirt and even gravity take on otherworldly qualities in their dancing.",https://www.imdb.com/title/tt1440266/
396,Animal Farm,2026,1h 36m,PG,N/A,,33,"From visionary director Andy Serkis, and featuring the voices of Seth Rogen, Gaten Matarazzo, Glenn Close, and Woody Harrelson, comes a satirical allegory of revolution and power. Animal Farm traces how a movement for equality is systematically corrupted. As the pigs consolidate control, truth is erased, dissent is crushed, and the farm descends into a ruthless dictatorship-fulfilling Orwell's warning about the dangers of communism.",https://www.imdb.com/title/tt2467700/
397,Dios Tarda Pero No Olvida,1997,,N/A,N/A,,,N/A,https://www.imdb.com/title/tt13273262/
398,Periya Manushan,1997,,N/A,N/A,,,N/A,https://www.imdb.com/title/tt33130854/
399,Southern India: A Collision of Cultures,2008,28m,N/A,N/A,,,"Follow the journey as a group of students and faculty travel to Southern India with the 'Christianity on the Road Less Traveled' program at Canisius College. Southern India: A Collision of Cultures documents religious, social, economic, and cultural aspects of this ancient and fascinating country as experienced by the group on their month-long immersion trip in the Summer of 2007. The film explores the caste system, technology industries, Hindu and Jain religions, the roots of Christianity in India, and the natural beauty of the country. In a place where many cultures collide, the hopes and dreams of the Indian people are strikingly similar to those of the travelers. Using a 'travelogue' style, the film follows the group from their arrival in Chennai to central and coastal regions, including Bangalor, Goa, and Kottayam, as well as Poovar Island in the Arabian Sea. Tour guides, religious leaders, and educators provide insight into the history of places visited and the present lives of those who live there. The travelers also express their thoughts and reflections on what they see and experience.",https://www.imdb.com/title/tt1378346/
400,Tulipop: A Midwinter Tale,2025,,N/A,N/A,,,N/A,https://www.imdb.com/title/tt35786902/
401,The Last of Us,2023–,18S min,TV-MA,8.5,734K,,"20 years after modern civilization has been destroyed, Joel, a hardened survivor, is hired to smuggle Ellie, a 14-year-old girl, out of an oppressive quarantine zone. What starts as a small job soon becomes a brutal heartbreaking journey as they both must traverse the U.S. and depend on each other for survival.",https://www.imdb.com/title/tt3581920/
402,Kuzen Pons,1978,1h 51m,N/A,N/A,,,N/A,https://www.imdb.com/title/tt6326150/
403,Subconscious nightmare,2019,6m,N/A,9.2,23,,What horrors does our consciousness hide? What nightmares lurk in it?,https://www.imdb.com/title/tt9869018/
404,Having a Wonderful Time,1958,,N/A,N/A,,,N/A,https://www.imdb.com/title/tt1726173/
405,Emma's Dilemmas,2025,,N/A,N/A,9,,"After Emma's romantic escapades leave her broke and heartbroken, she discovers the path to true love might just run through her meddling mother's wisdom.",https://www.imdb.com/title/tt32338012/
406,Era lei che lo voleva!,1953,1h 29m,N/A,4.7,23,,N/A,https://www.imdb.com/title/tt0044592/
407,Another Way of Telling,1989,3h 20m,N/A,N/A,,,N/A,https://www.imdb.com/title/tt6205898/
408,Dominguinhos,2014,1h 19m,N/A,7.5,86,,"The feature documentary Dominguinhos is about the life and the work of one of the great masters of Brazilian music, interspersing archival images and concerts passages, plus exclusive gigs with artists in his remarkable career.",https://www.imdb.com/title/tt3745772/
409,Saturday Night Fever,1977,1h 58m,R,6.8,94K,77,"Nineteen-year-old Brooklyn native Tony Manero lives for Saturday nights at the local disco, where he's king of the club, thanks to his stylish moves on the dance floor. But outside of the club, things don't look so rosy. At home, Tony fights constantly with his father and has to compete with his family's starry-eyed view of his older brother, a priest. Nor can he find satisfaction at his dead-end job at a small paint store. However, things begin to change when he spies Stephanie Mangano in the disco and starts training with her for the club's dance competition. Stephanie dreams of the world beyond Brooklyn, and her plans to move to Manhattan just over the bridge soon change Tony's life forever.",https://www.imdb.com/title/tt0076666/
410,For the Bible Tells Me So,2007,1h 35m,Unrated,7.8,5K,73,"We meet five Christian families, each with a gay or lesbian child. Parents talk about their marriages and church-going, their children's childhood and coming out, their reactions, and changes over time. The stories told by these nine parents and four adult children alternate with talking heads - Protestant and Jewish theologians - and with film clips of fundamentalist preachers and pundits and news clips of people in the street. They discuss scripture and biblical scholarship. A thesis of the film is that much of Christianity's homophobia represents a misreading of scripture, a denial of science, and an embrace of quack psychology. The families call for love.",https://www.imdb.com/title/tt0912583/
411,The Dreams of Elibidi,2010,1h 15m,N/A,7.0,18,,The story of two brothers who travel to Nairobi to find work.,https://www.imdb.com/title/tt2179888/
412,A Place We Go To,2018,1h 8m,N/A,5.1,101,,"Set in the middle of a breathtaking South Dakota landscape, a love affair between Dong and Laurin, two women of different backgrounds buds, flowers, and fades.",https://www.imdb.com/title/tt5811284/
413,Sukhibhavaa,2026,2h 6m,N/A,4.9,3K,,"Two orphans marry and raise their son with love until the mother dies in an accident. The father leaves him at a hostel. The boy searches for his parents, learning about love along the way, but it eludes him. He seeks his first love.",https://www.imdb.com/title/tt34621709/
414,The Far Country,1954,1h 37m,Approved,7.1,9K,,"In 1896, Jeff Webster sees the start of the Klondike gold rush as a golden opportunity to make a fortune in beef, and woe betide anyone standing in his way. He drives a cattle herd from Wyoming to Seattle, by ship to Skagway, and (after a delay caused by larcenous town boss Gannon) through the mountains to Dawson. There, he and his partner Ben Tatum get into the gold business themselves. Two lovely women fall for misanthropic Jeff, but he believes in every-man-for-himself, turning his back on growing lawlessness, until it finally strikes home.",https://www.imdb.com/title/tt0048055/
415,The Grocery List Show,2025,,N/A,N/A,,,Chrissy Camba explores five bustling international grocery stores in America. Special guests and food enthusiasts join Chrissy to shop for ingredients and cook a favorite family recipe.,https://www.imdb.com/title/tt37058002/
416,S.O.S. Operation Bikini,1967,1h 24m,TV-PG,6.1,82,,"Secret Organizational Service (S.O.S.) is an international crime syndicate, quite successful with their feminine agents operating under the guise of a fashion model agency led by Lady Bristol and her associate Luigi. The International Service is the governmental secret service decided to put a term to SOS's action. An agent has infiltrated SOS - but she is in danger, after sending a coded message to her supervising Inspector. So, agents Alex Dinamo is to join forces with Adriana, and give the undercover agent a hand.",https://www.imdb.com/title/tt0242830/
417,Dadam bilmasin,2015,,N/A,N/A,,,N/A,https://www.imdb.com/title/tt29432588/
418,Rassy's 38 Inch Pizza,2009,,N/A,N/A,,,N/A,https://www.imdb.com/title/tt11662844/
419,Las 5 Etapas del Duelo: Modelo Kübler-Ross,2015,15m,N/A,N/A,,,Kübler-Ross studied the psychological stages that humans must go through when facing death. Claudio and Laura's relationship is in end-stage. The only love they have known is dying - and they have to faced its death.,https://www.imdb.com/title/tt5045640/
420,From Trash to Cash: How I Found a Billionaire,2024–,,N/A,N/A,6,,"Orphan Emily, who has nothing but strives to live, accidentally picks up a fiancé from a garbage pile. But this seemingly poor fiancé doesn't appear to be as broke as Emily thought-at least, he has the face of a billionaire.",https://www.imdb.com/title/tt35051536/
421,The Black Cat,1934,1h 5m,Not Rated,6.9,14K,,"Honeymooning in Hungary, Joan and Peter Allison share their train compartment with Dr. Vitus Verdegast, a courtly but tragic man who is returning to the remains of the town he defended before becoming a prisoner of war for fifteen years. When their hotel-bound bus crashes in a mountain storm and Joan is injured, the travellers seek refuge in the home, built fortress-like upon the site of a bloody battlefield, of famed architect Hjalmar Poelzig. There, cat-phobic Verdegast learns his wife's fate, grieves for his lost daughter, and must play a game of chess for Allison's life.",https://www.imdb.com/title/tt0024894/
422,Aninag,2004,15m,N/A,N/A,,,"""Aninag"" (""Light's Play"") is a 15-minute narrative shot in 35mm film. Isabel, a blind girl who journeys in a dream world formed through the emotions she feels, shortly plays with her new mystical friends ""Saya"" (Happiness) and ""Pag-asa"" (Hope). But soon, she is succumbed by her negative thoughts of becoming alone. Her life becomes endangered. And the question is: ""how would she overcome her fear, helplessness and depression in this struggling situation?""",https://www.imdb.com/title/tt0834892/
423,Tomb Raider,2018,1h 59m,PG-13,6.3,241K,48,"Lara Croft (Alicia Vikander) is the fiercely independent daughter of eccentric adventurer Lord Richard Croft (Dominic West), who vanished when she was scarcely a teen. Now a young woman of twenty-one without any real focus or purpose, Lara navigates the chaotic streets of trendy East London as a bike courier, barely making the rent, and takes college courses, rarely making it to class. Determined to forge her own path, she refuses to take the reins of her father's global empire just as staunchly as she rejects the idea that he's truly gone. Advised to face the facts and move forward after seven years without him, even Lara can't understand what drives her to finally solve the puzzle of his mysterious death. Going explicitly against his final wishes, she leaves everything she knows behind in search of her dad's last-known destination: a fabled tomb on a mythical island that might be somewhere off the coast of Japan. But her mission will not be an easy one; just reaching the island will be extremely treacherous. Suddenly, the stakes couldn't be higher for Lara, who, against the odds and armed with only her sharp mind, blind faith, and inherently stubborn spirit, must learn to push herself beyond her limits as she journeys into the unknown. If she survives this perilous adventure, it could be the making of her, earning her the name ""tomb raider"".",https://www.imdb.com/title/tt1365519/
424,Badang,1962,,N/A,N/A,8,,"The adventures of Badang, the 13th century Singaporean Malay folk-hero who is blessed with superhuman strength after capturing a water spirit.",https://www.imdb.com/title/tt10556560/
425,Scammer,2021–,,N/A,N/A,13,,"In order to build a comfortable life for his wife, Joe is willing to work with Amy as a money laundering agent. He is living a luxury but began to be threatened when he was also hunted by the police.",https://www.imdb.com/title/tt14840362/
426,PaRappa VS Boyfriend,2021,1h 10m,N/A,N/A,,,"PaRappa get mad over because some of his fans don't like his game called ""PaRappa The Rapper"". PaRappa is jealous because a new game is taking over his title called ""Friday Night Funkin"". So PaRappa meet Boyfriend and they start fighting.",https://www.imdb.com/title/tt15047442/
427,Everything Goes Wrong,1960,1h 11m,N/A,6.8,602,,"On the brink of adulthood, Jirô Sugita is an angry young man. He hangs around with a large group of similarly aged youth, and in the absence of knowing how he should act, he emulates the actions of those around him. As they revere money and understand the need for money to get what they want in life, Jirô begins to commit petty crimes, such as muggings. While a number of the girls are attracted to him, especially Toshimi Tani who secretly or not so secretly is in love with him, he treats girls in general poorly in considering them all whores. The two issues of money and considering females whores are strengthened when Etsuko Shimojô needs money for an abortion, she doing whatever to get that money except to tell her live-in ""boyfriend"", the father Yasuo Ono, whose menial job is even insufficient for him to pay his tuition. Jirô even considers his widowed mother, Masayo Sugita, a whore, his father who was accidentally killed in being run over by a Japanese tank during WWII. While Masayo formerly was a geisha, Jirô negatively views her in light of the fact that she has accepted the assistance of married businessman Keigo Nambara, a military equipment engineer, since her widowhood. In the process, they have fallen in a sort of love with each other, while Jirô considers him the cause of his father's death in being that military equipment supplier.",https://www.imdb.com/title/tt0054350/
428,A Bedtime Story,1933,1h 27m,Passed,6.5,138,,Parisian playboy plays father to an abandoned baby who interferes with his womanizing.,https://www.imdb.com/title/tt0023787/
429,Built on Narrow Land,2013,1h 3m,Not Rated,N/A,,,"Built on Narrow Land Built on Narrow Land is a film that looks at a moment in Cape Cod when the spirit of European modern architecture inspired a group of bohemian designers -- professionals and amateurs both--to build houses that married principles of the Bauhaus to the centuries-old local architecture of seaside New England. But in 1959, with the establishment of the Cape Cod National Seashore the fate of these houses suddenly hung in the balance: houses built after 1959 became the property of the park on the death of their owners. Through the points of view of the characters, the film reveals the privilege of building on virgin landscape, the impact of eminent domain, its effect on people whose houses will have to be given to the federal government and, literally, given back to the land.",https://www.imdb.com/title/tt2730148/
430,Butterfly Tale,2023,1h 28m,G,4.9,250,,A pair of rival butterflies form an unlikely friendship.,https://www.imdb.com/title/tt8434394/
431,The Daring Dobermans,1973,1h 30m,G,5.6,231,,"With their custom-made bags crammed with cash after the incredible bank heist in The Doberman Gang (1972), the ferocious team of four-legged thieves is on the loose, heading to the countryside. As every police officer in town tries to track down the enormous loot, a trio of opportunists--Greg, Warren, and Steve--have come up with a plan to summon the dogs and train them to do their bidding. Now, a new mission involving dirty money from a corrupt politician awaits the trained canines, and, unknowingly, Billy, an animal-loving Native American boy, is going to help them. Can the daring Dobermans pull off yet another perfect robbery?",https://www.imdb.com/title/tt0069944/
432,Winning Slot Secrets: Now You Have A Fighting Chance,1996,30m,N/A,N/A,,,"David Wilhite talks about secrets to winning, what's inside casino machines and more topics.",https://www.imdb.com/title/tt12204138/
433,In Her Dreams,2023,,N/A,N/A,,,N/A,https://www.imdb.com/title/tt29432279/
434,Gorilla Girls,1998,,N/A,N/A,,,"An irreverent look at a women's basketball team, the underdog ""Lady Gorillas"", who play a win-or-die match and in so doing attack their personal demons",https://www.imdb.com/title/tt0311224/
435,Fox 11 Los Angeles features Topps Digital Cards,2016,,N/A,N/A,,,"This Fox 11 News segment was about a digital football trading card product featuring Todd Gurley, the running back of the Los Angeles Rams. He was on-hand at a Topps event to sign digital autographs and serve as a spokesperson for...",https://www.imdb.com/title/tt31238443/
